sentence,,,,,
рждрзЛржжрзЗрж░ ржЬржирзНржорзЗрж░ ржжрзЛрж╖ ржЖржЫрзЗред,,,,,
ржжрзБржЗ ржмржЙ ржирж┐рзЯрзЗ ржоржЬрж╛ ржХрж░ржЫрзЗ рж▓рзБржЪрзНржЪрж╛ ржорзБрж╕рзНрждрж╛ржХред,,,,,
"ржУрж░ рж╕ржорж╕рзНржд ржкрж░рж┐ржмрж╛рж░ржЯрж╛ ржирж┐рж░рзНрж▓ржЬрзНржЬ,,",,,,,
ржПржжрзЗрж░ржХрзЗ ржкрж╛ржмржирж╛ ржкрж╛ржарж╛ржУ,,,,,
рж▓ржЬрзНржЬрж╛ ржирзЗржЗ ржмрж▓рзЗ  ржПржЗ рж░ржХржо,,,,,
ржмрж┐рж╢рзНржм ржмрзЗрж╣рж╛ржпрж╝рж╛ред,,,,,
ржПрж░рж╛ рж╕ржлрж▓ ржХрж╛рж░ржг ржПржжрзЗрж░ рж▓ржЬрзНржЬрж╛ рж╢рж░ржо ржмрж▓рждрзЗ ржХрж┐ржЫрзБржЗ ржирзЗржЗред,,,,,
ржирж┐рж▓ржЬрзНржЬрж╛рж╣рж┐ ржорж╣рж┐рж▓рж╛,,,,,
ржмрзБржбрж╝рзЛ ржмржпрж╝рж╕рзЗ ржкрзНрж░рзЗржо рж░рждрж┐ ржзрж░рзЗржЫрзЗ,,,,,
рж▓ржЬрзНржЬрж╛ рж╕рж░ржо ржирж╛ ржерж╛ржХрж▓рзЗ ржпрж╛ рж╣рзЯ,,,,,
рждрж╛ржжрзЗрж░ ржкрзНрж░ржмрж▓рзЗржо ржерж╛ржХржмрзЛ ржирж╛ рждрзБржЗ рждрзЛ рж╕ржорж╛ржЬ ржирж╖рзНржЯ ржХрж░рждрзЗ рждрзБржЗ ржмрзБржЭрж┐рж╕ ржирж╛ ржХрж┐ржЫрзБ,,,,,
ржЗржмрж▓рж┐рж╢рзЗрж░ ржмржВрж╢ржзрж░,,,,,
"ржмрзБржбрж╝рзЛ ржмрзЗржЯрж╛ ржХрж┐ ржмрж▓рзЗ рж░рзЗ, ржмрзБржбрж╝рж╛ ржмрзЗржЯрж╛ ржХрж┐ ржмрж▓рзЗ!",,,,,
ржмрзБржбрж╝рзЛ ржкрж╛ржЧрж▓рж╛ред,,,,,
ржнрж╛ржм  ржжрзЗржЦрзЗ рж╢рж░рзАрж░ ржЬрзНржмрж▓рзЗ ржпрж╛ржпрж╝,,,,,
ржирж░рж╕рж┐ржВржжрж┐рж░ ржкрзЛрж▓рж╛ЁЯе┤ЁЯе┤ржХрзЛржи ржжрж┐ржХ ржжрж┐рзЯрзЗ ржПржЗ ржмрзБрзЬрж╛ ржмрзЗржбрж╛ржХрзЗ ржкрзЛрж▓рж╛ ржоржирзЗ рж╣рзЯЁЯджтАНтЩАя╕П,,,,,
ржЧрж░рж┐ржмрзЗрж░ ржорж┐рзЯрж╛ ржЦрж▓рж┐ржлрж╛,,,,,
ржЕрж▓рзНржк ржмржпрж╝рж╕рзЗ ржкрзЗржХрзЗ ржЧрзЗрж▓рзЗ ржпрж╛ рж╣ржпрж╝,,,,,
ржЬрж┐ржж ржЬрж╛ рж▓рж╛ржЧрзЗ ржлржХрж┐ржирзНржирж┐ ржЯрж╛рж░рзЗ ржжрзЗржЦрж▓рзЗред,,,,,
ржПрж░рж╛ рж╕ржорж╛ржЬ ржирж╖рзНржЯ ржХрж░ржмрзЗред,,,,,
ржмрзЗрзЯрж╛ржжржм ржорж╣рж┐рж▓рж╛ рж▓ржЬрзНржЬрж╛ ржирж╛ржЗ ржЫрж┐ ржЫрж┐,,,,,
ржжрзБржЗ ржмрж┐рзЯрж╛ржжржмрзЗрж░ рж╕рж╛ржерзЗ  ржкрж░рж┐ржЪрзЯ рж╣рж▓ред,,,,,
рж▓ржЬрзНржЬрж╛ рж╕рж░ржо ржХрж┐ржЪрзНржЫрзБ ржирж╛ржЗ ржПржжрзЗрж░,,,,,
ржП ржЬрзБржЯрж┐рж░ рж▓ржЬрзНржЬрж╛ рж╢рж░ржо ржмрж▓рзЗ ржХрзЛржи ржХрж┐ржЫрзБ ржЖржЫрзЗ ржоржирзЗ рж╣рзЯ ржирж╛ред,,,,,
ржЖрж╕рж▓рзЗ  рждрзЛ рждрзБржЗ рж▓рзБржЪрзНржЪрж╛,,,,,
ржмрж┐рж╢рзНржм  ржмрж┐рзЯрж╛ржжржм,,,,,
ржмрзНржпрж╛рж╕рзНржпрж╛ ржмрж▓рзЗ  ржбрж╛ржХржмрзЗ,,,,,
ржжрзБрж░рзЛ рж░рж╛рж╕рзНрждрж╛рж░ ржорж╛ржЗржпрж╝рж╛рж░рзЗ ржжрзЗржЦрзЗ ржЖржмрж╛рж░ ржХрзЗ ржЬрж▓ржмрзЗ ЁЯШО,,,,,
ржирж┐рж░рзНрж▓ржЬрзНржЬ ржмрзЗрж╣рж╛ржпрж╝рж╛ ржПржХржЯрж╛ ржорзЗржпрж╝рзЗ ЁЯТм,,,,,
рж▓ржЬрзНржЬрж╛ ржЫрж╛рзЬрж╛ ржорзЗрзЯрзЗ,,,,,
рждрзЛржорж╛рж░ ржорж╛ ржмрж╛ржмрж╛ рждрзЛржорж╛ржХрзЗ ржЬржирзНржо ржжрж┐рзЯрзЗ ржорж╣рж╛ ржнрзБрж▓ ржХрж░ржЫрзЗ......,,,,,
ржкрж╛ржмржирж╛ржпрж╝ ржпрж╛,,,,,
рждрзБржЗ ржПржХржЯрж╛ ржмрзЗржпрж╝рж╛ржжржм ржорзЗржпрж╝рзЗ рж╕рж╛ржерзЗ рждрзЛрж░ ржмрзБржЗржбрж╝рж╛ ржУ ржмрзЗржпрж╝рж╛ржжржм,,,,,
ржжрзЗрж╢рзЗрж░ ржпрзЗржЗ ржЕржмрж╕рзНрждрж╛ ржПрж░рж╛ ржЧрж╛ржЬрж╛ ржкрж╛рзЯ ржХржЗ,,,,,
ржмрзБржЗрзЬрж╛ ржмрзЯрж╕рзЗ ржмрзАржорж░рждрж┐рждрзЗ ржзрж░ржЫрзЗ ЁЯШБЁЯШБ,,,,,
рж▓ржЬрзНржЬрж╛рж░ ржорж╛ржерж╛ ржЦрж╛ржЗржЫрзЛрж╕ред,,,,,
рж╣ржЪрзНржЫрзЗ ржорж╛ ржмрж╛ржмрж╛рж░ ржЕржмрж╛ржзрзНржп рж╕ржирзНрждрж╛ржи,,,,,
ржмрзБрж░рж╛ ржЬрж╛ржорж╛ржЗ,,,,,
ржПржЗ рждрзЛрж░ рж▓ржЬрзНржЬрж╛ рж╢рж░ржо ржирж╛ржЗ,,,,,
ржорж╛ржирзБрж╖ ржПрждрзЛ ржирж┐рж▓ржЬрзНржЬ рж╣рзЛрждрзЗ ржкрж╛рж░рзЗ?,,,,,
ржЦрж╛рж░рж╛ржк ржорзЗрзЯрзЗржЯрж╛ржХрзЗ ржХрзЗржи ржорж┐ржбрж┐рзЯрж╛ рж╕рж╛ржоржирзЗ ржирж┐рзЯрзЗ ржЖрж╕рзЗ ржмрзБржЬрж┐ржирж╛,,,,,
ржмрж┐рзЯрж╛ржжржм ржорзЗрзЯрзЗ рж▓ржЬрзНржЬрж╛ ржмрж▓рзЗ ржХрж┐ржЫрзБ ржирж╛ржЗ ржмрзЗрж╣рж╛рзЯрж╛,,,,,
рждрзЛрж░ ржмрж╛ржкрзЗрж░ ржХржерж╛,,,,,
ржПржЗ ржмрзЗрзЯрж╛ржжржм ржЖржорж░рж╛ рждрзЛрж░ ржПржЗрж╕ржм ржХржерж╛ рж╢рзБржирждрзЗ ржЪрж╛ржЗржЫрж┐?,,,,,
ржкрзНрж░рждрж┐ржмрзНржиржзрж┐рж░ ржоржд рж╣рж╛рж╣рж╛ ржХрж░рзЗ рж▓ржЬрзНржЬрж╛  рж╣рзАржирж╛ред,,,,,
ржжрзЗрж╢ ржЖржЬ ржмрж┐рж╢рзНржм ржмрзЗрж╣рж╛рзЯрж╛рж░ ржЦржкрзНржкрж░рзЗ,,,,,
ржирж┐рж░рзНрж▓ржЬрзНржЬ ржмрзЗрж╣рж╛рзЯрж╛ ржЬрзБржЯрж┐,,,,,
рждрзБржЗ ржмрзЗрж╢рзА рж▓рзЛржнрзА ржорж╣рж┐рж▓рж╛,,,,,
рждрзЛрж░ ржоржд ржорзЗржпрж╝рзЗ ржпрзЗ ржмрж╛ржк ржЬржирзНржо ржжрж┐ржЫрзЗ рж╕рзЗ ржмрзЛржзрж╣ржпрж╝ ржкрзГржерж┐ржмрзАрж░ рж╕ржм ржерзЗржХрзЗ ржмржбрж╝ ржнрзБрж▓ ржХрж░рзЗржЫрзЗ,,,,,
ржмрзЗржЯрж┐ рждрзЛрж░ рж▓ржЬрзНржЬрж╛ ржирзЗржЗ,,,,,
ржорж┐ржпрж╝рж╛ ржирж╖рзНржЯрж┐ ржлрж╖рзНржЯрж┐ ржмрж╛ржж ржжрж┐ржпрж╝рзЗ ржнрж╛рж▓рзЛ рж╣ржпрж╝рзЗ ржпрж╛ржи,,,,,
ржЫрж┐ ржЫрж┐ ржЫрж┐  ржмрзЛрзЯрж╛ржжржм,,,,,
ржПржд рж▓ржЬрзНржЬрж╛ рж╣рзАржи ржорзЗржпрзЗред,,,,,
ржмрзЗрждрждрзБржорж┐ржЬ ржорзЗрзЯрзЗ,,,,,
"ржорж╛рждрж╛рж▓ ржирж╛рж░рзА, ржмрж╛ржВржЦрзЛрж░",,,,,
рждрзЛржжрзЗрж░  ржЖрж╕рж▓рзЗ  рж▓ржЬржЬрж╛  ржХржо  ржЖржЫрзЗ,,,,,
ржкрж╛ржЧрж▓рж┐рж░ ржорждрзЛ рж▓рж╛ржЧржЫрзЗред,,,,,
ржЦрж╛рж░рж╛ржк ржорзЗрзЯрзЗ ржПржХржЯрж╛,,,,,
рждрзЛржорж╛рж░  рж░рзБржЪрж┐рждрзЗ рж╕ржорж╕рзНржпрж╛ ржЖржЫрзЗред,,,,,
"ржмржжржорж╛рзЯрзЗрж╢,  ржлрж╛рж▓рждрзБ ржХрзЛржерж╛ржХрж╛рж░...!!",,,,,
ржорж╛рж▓ ржбрж╛ржбрж┐,,,,,
ржХрждрзЛ ржирзЗржХрж╛ржорж┐,,,,,
рждрзЛржорж╛рж░ рж░рзБржЪрж┐рждрзЗ рж╕ржорж╕рзНржпрж╛ ржЖржЫрзЗ ржбрж╛ржХрзНрждрж╛рж░ ржжрзЗржЦрж╛ржУ,,,,,
рждрзБржЗ рждрзЛ рж▓ржнрж┐,,,,,
ржмрж╛ржВрж▓рж╛ржжрзЗрж╢ ржЯрж╛ржУ ржбрж╛рж╕рзНржЯржмрж┐ржи рж╣ржпрж╝рзЗ ржЧрзЗрж▓рзЛ,,,,,
ржорж╛ржирзБрж╖ ржпрзЗ ржПрждрзЛ ржирж┐рж░рзНрж▓ржЬрзНржЬ рж╣рждрзЗ ржкрж╛рж░рзЗ ржУржжрзЗрж░ ржжрзЗржЦрзЗржЗ ржмрзБржЭрж╛ ржпрж╛ржпрж╝ЁЯЩВЁЯЩВ,,,,,
"ржПрж░ ржорж╛ржерж╛ржпрж╝ рж╕ржорж╕рзНржпрж╛ ,ржорзЗржирзНржЯрж╛рж▓рж┐ рж╕рж┐ржХред",,,,,
рж╢рж╛рж▓рж╛ рждрзБржЗ ржЪрзЗрж╣рж╛рж░рж╛ ржХрзЗржи ржкрзНрж░ржХрж╛рж╢ ржХрж░рж▓рж┐,,,,,
ржорж╛ржерж╛ржпрж╝ рж╕ржорж╕рзНржпрж╛ ржЖржЫрзЗ,,,,,
рждрзЛрж░ ржЬржирзНржорзЗрж░ рж╕ржорж╕рзНржпрж╛ ржЖржЫрзЗ,,,,,
ржорж╛ржерж╛рзЯ рж╕ржорж╕рзНржпрж╛,,,,,
ржУ ржкрж╛ржЧрзЛрж▓ рж╣рзЯрзЗ ржЧрзЗржЫрзЗ,,,,,
ржУрж░рзЗ ржкрж╛ржмржирж╛ ржкрж╛ржарж╛ржЗрждрзЗржЫрж┐ ржжрж╛рж░рж╛ржи,,,,,
ржорж╛рж▓ ржЦрзЗржпрж╝рзЗ ржЯрж╛рж▓ ржоржирзЗ рж╣ржпрж╝ред,,,,,
ржПржд ржжрж┐ржи ржХрж┐ ржЕржирзНржпрж░ ржкрж╛рзЯрзЗ ржжрж╛ржБрзЬрж╛рзЯ ржЫрж┐рж▓рзЗржи ЁЯШР,,,,,
ржЕржмрж╢рзЗрж╖рзЗ ржЬрж▓ рж╣рж╕рзНрждрж┐ржЯрж╛ ржирж┐ржЬрзЗрж░ ржкрж╛ржпрж╝рзЗ ржжрж╛ржБржбрж╝рж╛рждрзЗ ржкрж╛рж░рж▓,,,,,
рж╕рж╛ржЗржХрзЛред,,,,,
ржлрж┐рж▓рзНржЯрж╛рж░ ржПржХржЯрзБ ржХржо ржжрж┐рж╕ ржЪрж╛ржЪрж┐,,,,,
ржорзЗржХржЖржк ржХрж┐ ржЖрж░ ржмрж╛рж╕рж╛ржпрж╝ ржЫрж┐рж▓ ржирж╛,,,,,
рждрзЛрж░ рж▓ржЬрзНржЬрж╛ рж▓рж╛ржЧрзЗ ржирж╛ ржмржЗржи? ржЖржмрж╛рж░ рж▓рзБрждрзБржкрзБрждрзБ рж╢рзБрж░рзБ рж╣ржЗрж╕рзЗ!!,,,,,
рждрзЛржорж╛рж░ рж░ржЩрзНржЧрж┐рж▓рж╛ ржЯрзЛржХрж╛ржЗ ржХрзЛржерж╛рзЯ,,,,,
ржУржЯрж╛ ржкрж╛ржЧрж▓ рж╣ржпрж╝рзЗ ржЧрзЗржЫрзЗ ржирж┐рж╢рзНржЪрж┐ржд ЁЯШДЁЯШДЁЯШД,,,,,
рждрзЛржжрзЗрж░ ржХрж┐ ржЬржирзНржо ржЧржд рж╕ржорж╕рзНржпрж╛ ржЖржЫрзЗ ржирзЗ ,,,,,
ржжрзЗржЦрзЗ ржорж╛ржирж╕рж┐ржХ рж░рзЛржЧрзА ржоржирзЗ рж╣рж▓рзЛ ржЪрж┐ржХрж┐рзОрж╕рж╛ ржкрзНрж░рзЯрзЛржЬржиред,,,,,
ржЖрж╣рж╛ ржХрж╛ржкрж░ ржжрж┐ржи ржжрж┐ржи ржХржорзЗ ржпрж╛ржЪрзНржЫрзЗ,,,,,
рждрзБрж░рж╛ ржЬрж╛рж╣рж╛ржирзНржирж╛ржорзЗрж░ ржХрж┐ржЯ,,,,,
ржирж╖рзНржЯ ржЬрж╛рждрзАрзЯ ржкржжрж╛рж░рзНрже,,,,,
ржЧрзНрж░рж╛ржо ржерзЗржХрзЗ рж╢рж╣рж░рзЗ ржЙржарзЗ ржЖрж╕рж╛рж░ ржкрж░ ржпрж╛ рж╣рзЯ!,,,,,
ржП ржХрзЗржоржи ржбрзНрж░рзЗрж╕ рж░рзЗЁЯШДЁЯШДЁЯШД,,,,,
ржХржЪрзБрж░ ржорж╛рждрж╛,,,,,
ржмрж╛ржерж░рзБржорзЗ рж╣рж╛ржЧрзБ ржХрж░рж┐ ржПржмржВ рждрзЛрж░ ржнрж┐ржбрж┐ржУ ржжрзЗржЦрж┐ ЁЯШБ,,,,,
ржирж┐рж░рзНрж▓ржЬрзНржЬ ржмрзЗрж╣рж╛рзЯрж╛,,,,,
ржЪрзБрждрж┐рзЯрж╛ржорж╛рж░рзНржХрж╛ ржнрж┐ржбрж┐ржУ,,,,,
рж╣рзЗрждрж┐рж░рзЗ ржЖржЗ ржХрзЛржирзЛ рж╣рж┐ржи ржорзЗржХрж╛ржк рж╣рж╛рж░рж╛ ржжрзЗржЦрзБржи ржирж╛ржЗЁЯШн,,,,,
рж░рзЛрж╣рж┐ржЩрзНржЧрж╛,,,,,
ржЕржирж╛рж░ ржЪрзЛржЦ ржЯрзНржпрж╛рзЬрж╛ ржирж╛ЁЯзРЁЯзРЁЯзРЁЯзР,,,,,
ржмрж┐рж▓рж╛ржЗрж░ ржорждржи рж▓рж╛ржЧрзЗрж░,,,,,
рж░ржЩрзНржЧрж┐рж▓рж╛ ржмрж┐ржмрж┐ ржлрж╛рждрж░рж╛ ЁЯШЖ,,,,,
ржЖржкрж╛ ржоржирзЗ рж╣ржпрж╝ ржХржерж╛рж░ ржЪрзЗржпрж╝рзЗ ржПржХржЯрзБ ржвржВ ржмрзЗрж╢рж┐ ржХрж░рзЗ ржлрзЗрж▓рзЗржи,,,,,
ржУржбрж┐ ржмрзБрзЬрзА ржмрзЗржбрж┐ ржПржмрж╛рж░ ржмрж┐рзЯрзЗ ржЧрж░рж┐ ржлрзЗрж▓рж╛ред,,,,,
ржХрзЗржЙ ржзрж░рж┐ рж╣рзЗрждрзЗрж░рзЗ ржерж╛ржмрзЬрж╛,,,,,
ржЧрж░рж┐ржмрзЗрж░ рж░рж╛ржЦрж┐ ржЪрж╛ржУрзЯрж╛ржи ЁЯдгЁЯдг,,,,,
ржЯрзНржпрж╛рж░рж╛,,,,,
рж╢рзБрзЯрзЛрж░рзЗрж░ ржмрж╛ржЪрзНржЪрж╛,,,,,
ржХрзБрждрзНрждрж╛рж░ ржмрж╛ржЪрзНржЫрж╛,,,,,
рж╣рж╛рж░рж╛ржорж┐рж░ ржмрж╛ржЪрзНржЪрж╛,,,,,
рж╣рж╛рж░рж╛ржорж┐,,,,,
рж╣рж╛рж░рж╛ржоржЬрж╛ржжрж╛,,,,,
рж╣рж╛рж░рж╛ржоржЦрзЛрж░,,,,,
ржЦрж╛ржЩрзНржХрж┐рж░ржкрзЛрж▓рж╛,,,,,
ржЦрж╛ржирзНржХрж┐ ржорж╛ржЧрж┐рж░ ржкрзЛрж▓рж╛,,,,,
ржЪрзЛржжржирж╛,,,,,
ржЪрзБржжрж┐рж░ ржнрж╛ржЗ,,,,,
ржЪрзБрждржорж╛рж░рж╛ржирж┐,,,,,
ржЪрзБржжрж┐рж░ ржкрзЛрж▓рж╛,,,,,
рждрж░ ржорж╛рзЯрж░рзЗ ржЪрзБржжрж┐,,,,,
рждрж░ ржорж╛рзЯрж░рзЗ ржмрж╛ржк,,,,,
рж╢рж╛рж▓рж╛,,,,,
рж╢рж╛рж▓рж╛рж░ ржкрзЛ рж╢рж╛рж▓рж╛,,,,,
рж╣рзБржорзБржирзНржжрж┐рж░ ржкрзБржд,,,,,
ржорж╛ржЩрзНржЧрж┐рж░ ржкрзБржд,,,,,
ржирж╛ржЯржХрж┐рж░ ржкрзЛ,,,,,
рж▓рзНржпрж╛ржЙрзЬрж╛рж░ ржкрзБржд,,,,,
рж╣рж╛ржЙрзЯрж╛рж░ ржкрзЛ,,,,,
рж╣рж╛ржЙрзЯрж╛рж░ ржирж╛рждрж┐,,,,,
ржЪрзБржжрж╛ржирж┐рж░ ржкрзЛ,,,,,
рж▓ржЯрж┐рж░ ржмрзЗржЯрж╛,,,,,
ржнрзЗрзЬрж╛ржЪрзНржЪрзЛржжрж╛,,,,,
ржорж╛ржЙрзЬрж╛ ржЪрзЛржжрж╛,,,,,
ржЧрзБрзЯрж╛рж░ ржнрж┐рждрж░рзЗ,,,,,
рж╣рзЛржЧрж╛рж░ ржнрж┐рждрж░рзЗ ржнржЗрзЬрж╛ ржжрж┐ржорзБтАж,,,,,
ржарзНржпрж╛ржБржЩ ржХрж╛ржЗржЯрзНржЯрж╛ ржкрзБржЯржХрж┐ ржжрж╛ ржнржЗрж░рж╛ ржжрзБржо!,,,,,
рж╣рж╛рж▓рж╛ рж▓рзНржпрж╛ржУрзЬрж╛ ржЪрзЛржжрж╛,,,,,
ржмрж╛ржиржЪрзЛржд,,,,,
ржХрзБрждрзНрждрж╛ржЪрзЛржжрж╛,,,,,
рждрж░ ржкрзБржЯржХрж┐ржд ржзрж╛ржи ржЫрзЬрж╛ржЗрзЯрж╛ ржЪрзЬрзБржЗ ржжрж┐рзЯрж╛ ржЦрж╛ржУрзЯрж╛ржорзБ,,,,,
ржмрж╛рж▓рж┐ ржжрж┐рзЯрж╛ ржЪрзБржжржорзБ рждрж░рзЗ ржЦрж╛ржЩрзНржХрж┐ ржорж╛ржЧрзА!,,,,,
ржмрж╛рж▓рзЗрж░ рж░рзЯрзЗрж▓ ржмрзЗржЩрзНржЧрж▓ ржЙржХрзБржи,,,,,
рждрзЛрж░ рж╣ржЙрж░рж┐рж░рзЗ ржбрж┐ржЧржмрж╛ржЬрзА,,,,,
ржЫрж┐ ржЫрж┐ ржЫрж┐,,,,,
ржЖрж▓ ржмржжрж░,,,,,
рждрзЛрж░ ржЬрж╛ржЩрзНржЧрзАрзЯрж╛ ржЦрзБржЗрж▓рзНржпрж╛ ржЖржЧрзБржи рж▓рж╛ржЧрж╛рзЯ ржжрж┐ржорзБ,,,,,
ржмрж╛рж▓ ржлрж╛рж▓рж╛рзЯрж╛ ржЦрж╛рж▓рзЗ ржирж╛ржорж╛ржирзЛ,,,,,
ржмрж╛рж▓ ржлрж╛рж▓рж╛рзЯрж╛ ржЖржЯрж┐ржБ ржмрж╛ржирзНржзрж╛,,,,,
ржмрж╛рж▓рзЗ ржмрж╛рж▓рзЗ ржЧрж┐ржЯрзНржЯрзБ,,,,,
ржЧрзЗрж╛рж▓рж╛ржо ржЖржпржо,,,,,
ржоржЗрждрзНржпрж╛ ржирж┐ржЬрж╛ржорзА,,,,,
ржЧрзЗрж▓ржорж╛ржи,,,,,
рждрж┐ржиржХрзЗрж╛ржирж╛,,,,,
рждрзГржиржнрзЛржЬ,,,,,
ржЪрждрзБрж░ржЪрзЛрж░,,,,,
ржорж╣рж╛ржмрзБржмрж╕рзН,,,,,
ржмрж╛ржкрзЗрж░ ржЖржЧрзЗ ржмрж╛рж▓ ржлрж╛рж▓рж╛рзЯ,,,,,
ржмрж╛ржкрзЗрж░ ржЖржЧрзЗ ржмрж╛рж▓ ржлрж╛рж▓рж╛рзЯ,,,,,
ржнрзЛржжрж╛ржЗ,,,,,
ржнрзЛржжрж╛рж░ ржмрж╛рж▓,,,,,
ржмрж╛рж▓,,,,,
ржмрж╛рж▓ ржЫрж╛рж▓,,,,,
ржзрзЛржирзЗрж░ ржмрж╛рж▓,,,,,
ржзрзЛржи,,,,,
рж╣рзЛрж▓,,,,,
ржЯрзЗржВрж░рж┐ ржнрж╛ржЗржВржЧрж╛ рж╣рж╛рждрзЗ ржзрж░рж╛рзЯрж╛ ржжрж┐ржорзБ,,,,,
ржиржЯрж┐,,,,,
ржиржЯрж┐ ржорж╛ржЧрж┐,,,,,
ржиржЯрж┐ ржорж╛ржЧрж┐рж░ ржЭрж┐,,,,,
ржиржЯрж┐ ржорж╛ржЧрж┐рж░ ржкрзЛрж▓рж╛,,,,,
ржЧрзБржжрзЗрж░ ржмрж╛рж▓,,,,,
ржорж╛ржЧрж┐ржмрж╛ржЬ,,,,,
ржорж╛ржЗржЧрзНржпрж╛,,,,,
ржмрзЗрж╢рзНржпрж╛ ржорж╛ржЧрзА,,,,,
ржмрж╛рж▓ ржлрж╛рж▓рж╛ржЗрзЯрж╛ ржЖржЯрж┐ ржмрж╛ржи,,,,,
ржнрзИрж░ржм ржорж╛ржЧрзА,,,,,
ржкрзБржХржЯрж┐ ржорж╛рж░рж╛ ржЦрж╛,,,,,
ржЧрж╛рзЬ ржорж╛рж░рж╛ ржЦрж╛,,,,,
ржнржЗрж░рж╛ ржжрж┐ржорзБ,,,,,
ржорж╛ржЩрзНржЧрзЗрж░ ржкрзЛрж▓рж╛,,,,,
ржЙржкрзНрждрж╛ ржХржЗрж░рж╛ ржЪрзБржжржорзБ,,,,,
ржнрж╛рждрж╛рж░ ржЪрзБржжрж╛,,,,,
ржорж╛ржЩрзНржЧрзЗрж░ ржирж╛рждрж┐,,,,,
ржЪрзБржжржирж╛ ржорж╛ржЧрзА,,,,,
ржнрж╛рждрж╛рж░ ржЪрзБржжрж╛,,,,,
ржорзАрж░ржЬрж╛ржлрж░,,,,,
ржирзАржЬрж╛ржорзА,,,,,
ржЧрж░ржо ржбрж┐ржо ржжрж┐ржорзБ,,,,,
ржЙржкрзНрждрж╛ ржХржЗрж░рж╛ ржЪрзБржжрж╛ ржжрж┐ржорзБ,,,,,
ржЧрзЛрж╕рзНрждрзЗрж░ рж▓рж╛ржарж┐ рж╕рж╛ржЯрж╛ржорзБ,,,,,
ржзрзЛржи ржХрж╛ржЗржЯрзНржЯрж╛ ржХрзБрждрзНрждрж╛ ржжрж┐рзЯрж╛ ржЦрж╛ржУрзЯрж╛ржорзБ,,,,,
рж▓рзЗржУрж░рж╛,,,,,
ржирж┐ржмрзАрж░рзНржЬ,,,,,
ржЪрзБрждржорж╛рж░рж╛ржирзАрж░ ржкрзЛрж▓рж╛,,,,,
рждрж░ ржорж╛рзЯрзЗрж░рзЗ ржЪрж┐ржЪрж┐ржВ ржлрж╛ржХ,,,,,
ржХрж╛ржирзНржжрзЗ ржлрж╛рж▓рж╛ржЗрзЯрж╛ рждрж░ ржорж╛рзЯрзЗрж░рзЗ ржЪрзБржжрж┐,,,,,
ржкрзБржЯржХрж┐рждрзЗ ржмрж╛рж╢ ржжрж┐ржорзБ,,,,,
ржЪрж╛ржорзЬрж╛ ржЫрзБржЗрж▓рзНрж▓рж╛ рж▓ржмржг рж▓рж╛ржЧрж╛ржорзБ,,,,,
рж▓рж╛ржерзНржерж┐ ржжрж┐ржорзБ,,,,,
ржЙрж╖рзНржЯрж╛ ржЦрж╛,,,,,
ржЗржЙржирзБрж╕ (рж╕рзБржжржЦрзЛрж░),,,,,
ржЧрзБржжрж┐рж░ ржмрзНржпрж╛ржЯрж╛,,,,,
ржХрж╛ржарзНржарж┐рж░ ржмрзЗржЯрзНржпрж╛,,,,,
рж▓рзНржпрж╛ржжрж╛ржирзА,,,,,
рж╣рзЛрж▓ржЪрж╛ржЯрж╛,,,,,
ржорж╛рж╣ржлрзБржЬ рж╕рж╛рж╣рзЗржм,,,,,
ржмрж╛ржЗржиржЪрзЛржж,,,,,
ржорж╛ржжрж╛рж░ ржЪрзЛржж,,,,,
рж╣рзЛржЧрж╛ ржЪрж╛ржЯрж╛,,,,,
рзз ржЗржЮрзНржЪрж┐,,,,,
ржирж┐ржЬрж╛ржорзА ржЪрзЛржжрж╛,,,,,
ржорзБржЬрж╛рж╣рж┐ржжрзЗрж░ ржмржЙ,,,,,
ржЧрзЛ ржЖрж░ ржЬрзБрждрж╛,,,,,
ржХрзБрждрзНрждрж╛рж░ рж╣рзЛрж▓,,,,,
ржорж╛рж╕рж┐ржХрзЗрж░ рж░ржХрзНрждред,,,,,
рж╣рзЛрж▓ ржЯрж╛ржЗржирж╛ ржкрзБржХржЯрж┐рждрзЗ ржнрж░,,,,,
рж╣рзЛрж▓рзЗрж░ ржЪрзБрж▓ржХрж╛ржирзАред,,,,,
ржЖржмрж╛рж▓ ржЪрзЛржжрж╛ред,,,,,
ржмрзЛржХрж╛ ржЖржЪрзЛржжрж╛ (ржпрж╛ржжрзЗрж░ ржмрзЛржХрж╛рж░рж╛ржУ) ржЪрзЛржжрзЗ ржирж╛,,,,,
ржЖрж╣рж▓рзЗ рж╣рж╛ржжрж┐рж╕ ржХрж┐ рждрзЛрж░рзЗ ржЧрзБ**ржорж╛рж░ржЫрзЗ ржирж╛ржХрж┐??,,,,,
"ржХрж┐рж░рзЗ ржЧрж╛ржЮрзНржЬрж╛ ржЦрзЗрзЯрзЗ ржХржерж╛ ржмрж▓рждрзЗржЫрж┐рж╕ ржирж╛ржХрж┐,",,,,,
рж╕рж╛рж▓рж╛ ржЬрж┐рж▓рж╛ржкрж┐ ржЦрзЛрж░ ржкрж┐рж░рзЗрж░ ржорзБрж░рж┐ржж,,,,,
ржмрзЗрзЯрж╛ржжржм ржорзЗрзЯрзЗ!!,,,,,
ржЖржорж╛рж░ржЗ ржЗржЪрзНржЫрж╛ ржХрж░рждрзЗрж╕рзЗ ржерж╛ржкрзНржкрзЬрж╛ржЗрждрзЗ ржерж╛ржкрзНржкрзЬрж╛ржЗрждрзЗ ржорзБржЦрзЗрж░ ржиржХрж╢рж╛ржЗ ржмржжрж▓рж╛ржЗ ржлрзЗрж▓рж┐,,,,,
ржПржЗ рж╕ржорж╕рзНржд ржирзЛржВрж░рж╛ ржкрзБрж░рзБрж╖ржжрзЗрж░ ржкрзНрж░ржХрж╛рж╢рзНржпрзЗ ржЦрзБ***ржи ржХрж░рж╛ ржЙржЪрж┐ржд ржЬрж╛ржирзЛрзЯрж╛рж░рзЗрж░ ржжрж▓,,,,,
"ржмрзЗржбрж╛рж░ ржпрзЗ ржЪрзЗрж╣рж╛рж░рж╛, рж╕рж╛ржерзЗ ржПрждрзНржд ржЧрзБржирж╛",,,,,
ржпрж╛рж░рж╛ ржмржЙ ржЖржЫрзЗ ржЬрзЗржирзЗржУ ржмрж┐ржмрж╛рж╣рж┐ржд ржкрзБрж░рзБрж╖ржжрзЗрж░ ржкрзНрж░рзЗржорзЗ ржкрзЬрзЗред,,,,,
ржХрзБрж▓рж╛ржЩрзНржЧрж╛рж░ ржкрзБрж░рзБрж╖,,,,,
рж▓рзБржЪрзБ Ato unmarried chelera thakte magi ra kemne onner sami niye tane ржУржЗ рж╕ржм ржорзЗрзЯрзЗржжрзЗрж░ ржЬржирж╕ржорзНржорзБржЦрзЗ ржЬрзБрждрж╛ ржорж╛рж░рж╛ ржжрж░ржХрж╛рж░ред,,,,,
ржЫрзЗрж▓рзЗржХрзЗ ржЗржЪрзНржЫрзЗржорждрзЛ ржкрж┐ржЯрж╛ржирзЛрж░ ржжрж░ржХрж╛рж░ ржЫрж┐рж▓,,,,,
ржЪрзЛрж░рзЗрж░ ржжрж╢ржжрж┐ржи ржЧрзГрж╣рзЗрж╕рзНржерзЗрж░ ржПржХржжрж┐ржи ржПржд ржмрзЬ ржжрж╛рзЬрж┐ ржирж┐рзЯрзЗ ржкрж░ржХрзАрзЯрж╛ ржЙржирж╛рж░ ржмржЙ рждрзЛ ржпржерзЗрж╖рзНржЯ рж╕рзБржирзНржжрж░ рждрж╛рж╣рж▓рзЗ ржЕржирзНржп ржорзЗрзЯрзЗрж░ ржжрж┐ржХрзЗ ржХрзЗржи ржиржЬрж░ ржжрзЗрзЯ?,,,,,
"ржЪрж┐, ржЪрж┐, ржирж┐рж▓рж░рзНржЬ ржХрж╛ржкрзБрж░рзБрж╖",,,,,
ржУрж░рзЗ рждрзЛ ржжрзЗржЦрж▓рзЗржЗ ржнрзЯ ржХрж░рзЗ,,,,,
ржкрж╛ржЬрж┐рж▓ ржмрзЗржбрж╛ ржорж╛ржирзБрж╖,,,,,
ржмрж╛рж▓,,,,,
ржЪрзЛрж░рзЗрж░ ржмрж╛ржкрзЗрж░ ржмрзЬ ржЧрж▓рж╛,,,,,
"рж╕рж╕рзНрждрж╛рзЯ, ржирж┐ржнрзГрждрзЗ...",,,,,
рж▓рзБржЪрзНржЪрж╛ ржмрзНржпрж╛ржЯрж╛рж░рж╛ ржШрж╛рзЬрж╛ржЗрж▓рж╛,,,,,
ржоржЬрж╛ рж▓рзБржЯрзЛ ржЙржЗржжрж╛ржЙржЯ ржПржирж┐ рж▓рж╛рзЯрж╛ржмрж┐рж▓рж┐ржЯрж┐ред,,,,,
ржирж╖рзНржЯ ржмрзЗржбрж┐ ржПржЦржирзЛ ржжрж╛рзЬрж╛ржЗ ржЖржЫрзЗ ржХрзЗржоржи рж╕рж╛рж╣рж╕,,,,,
ржПржХ рж╕рж╛рж▓ржорж╛ржи ржорзБржХрзНрждрж╛ржжрж┐,,,,,
ржЖрж▓рзНрж▓рж╛рж╣рж░ ржЧржЬржм ржкржбрж╝рзБржХ рж╕рзЗржЗ ржорж╛ржирзБрж╖ржЧрзБрж▓рзЛрж░ ржЙржкрж░ ржпрж╛рж░рж╛ рж╕рзБржирзНржжрж░ ржХрж░рзЗ ржзрзЛржХрж╛ ржЖрж░ ржорж┐ржерзНржпрж╛ ржжрж┐рзЯрзЗ рж╕ржВрж╕рж╛рж░ ржХрж░рзЗ ржпрж╛ржЪрзНржЫрзЗ,,,,,
ржЪрж╛рж▓рж┐рзЯрзЗ ржпрж╛ржУ ржкрзНрж░рждрж┐ржмржирзНржзрзАрж░рж╛,,,,,
рждрзБржорж┐ ржЦрж╛ржУ ржжрзЗржЦржмрж╛ ржмрзЬ рж╣рзЯрзЗ ржпрж╛ржмрзЗ,,,,,
рждрзЛржорж░рж╛ ржкрзЗрж░рзЗржЫрзЛ ржкрж▓рж┐ржУ ржХрзЗ рж░рж┐ржкрзНрж░рзЗржЬрзЗржирзНржЯ ржХрж░рждрзЗ,,,,,
ржорзБржЦрзЗ рж▓рж╛ржЧрж┐рзЯрзЗ ржжрж╛ржУ ржмрж░рзЛ рж╣рзЯрзЗ ржпрж╛ржмрзЗ,,,,,
"ржХрж┐рж░рзЗ ржЧрж╛ржЮрзНржЬрж╛ ржЦрзЗрзЯрзЗ ржХржерж╛ ржмрж▓рждрзЗржЫрж┐рж╕ ржирж╛ржХрж┐, ржЖрж╣рж▓рзЗ рж╣рж╛ржжрж┐рж╕ ржХрж┐ рждрзЛрж░рзЗ ржЧрзБ**ржорж╛рж░ржЫрзЗ ржирж╛ржХрж┐??",,,,,
рж▓ржЬрзНржЬрж╛ рж╕рж░ржо ржмрж▓рждрзЗ ржХрж┐ржЫрзБржЗ ржирж╛ржЗ,,,,,
ржЙржкрж░ ржУрзЯрж╛рж▓рж╛ ржЫрж╛рзЬ ржжрж┐ржмрзЗ ржирж╛,,,,,
ржпрзЗ ржнрж╛ржмрзЗ ржЯрж┐ржкржЫрзЗ ржУржЯрж╛ ржПржоржирж┐ ржмрзЬрзЛ рж╣ржмрзЗ,,,,,
ржЬрж╛ржи ржХрж╛рж░рж╛ рж▓рж╛рзЬрж╛ ржжрзЗ ржПрж╣рж╛ржирзЗ,,,,,
рж╕рзЛржирж╛ржоржгрж┐ ржУржЯрж╛ ржЦрж╛ржУ ржЦрзЗрждрзЗ ржЦрзЗрждрзЗ ржмрзЬрзЛ рж╣рзЯрзЗ ржпрж╛ржмрзЗ ржмрж╛ржмрж╛рж░ ржЯрж╛ ржЦрзЗрждрзЗ ржоржирзЗ рж╣рзЯ ржПржХржЯрзБ ржмрзЗрж╢рж┐ ржЯрзЗрж╖рзНржЯрж┐ ржЪрзБ**ржЪрзБ**,,,,,
,,,,,
ржмрж╛ржж ржжрзЗржи ржнрж╛ржЗ ржмрзЗржбрж┐ ржорж╛ржирзБрж╖,,,,,
,,,,,
ржЦрзБржм ржЦрж╛рж░рж╛ржк ржХрж░ржЫрзЗред ржЙржкрж░ ржУрзЯрж╛рж▓рж╛ ржЫрж╛рзЬ ржжрж┐ржмрзЗ ржирж╛ред ржЖрж▓рзНрж▓рж╛рж╣ ржЖржкржирж╛рж░ рж╕рж╣рж╛рзЯ рж╣рзЛржХред ржЖржорж┐ржи,,,,,
,,,,,
рж╕ржм ржЬрж╛рзЯржЧрж╛рзЯ ржЕржорж╛ржирзБрж╖рзЗрж░ ржЫрзЬрж╛ржЫрзЬрж┐,,,,,
,,,,,
"ржпрзЗ ржкрж╛рждрзЗ ржЦрзЗрж▓рзЛ, рж╕рзЗ ржкрж╛рждрзЗржЗ.....",,,,,
,,,,,
ржХржд ржорзЗрзЯрзЗ ржХрзЗ ржирж╖рзНржЯ ржХрж░ржЫрзЛ ,,,,,
,,,,,
ржПржЗ ржкрзЛрж╕рзНржЯрзЗ ржХрзЗржЙ ржирж╛рзЬрж╛ ржжрж┐ржУржирж╛,,,,,
,,,,,
рж╣ржЬрзНржм ржХржЗрж░рж╛ рж╢рзБржжрзНржз рж╣ржЗрзЯрж╛ ржЖрж╕рзЗржи ржжрзБржЗ ржмрзЛржирзЗ,,,,,
,,,,,
Lasbian couple.,,,,,
,,,,,
рждрзЛржжрзЗрж░ ржмрзНрж░рзЗржХржЖржк ржПрж░ ржЕржкрзЗржХрзНрж╖рж╛рзЯ........,,,,,
,,,,,
ржПржЦржи ржЖржорж┐ ржоржж ржЦрж╛ржмрзЛ ржЖрж░ ржХржорзЗржирзНржЯ ржкрзЬржмред,,,,,
,,,,,
рж╕рждрзНржпрж┐ ржмрж╛ржВрж▓рж╛ржжрзЗрж╢ ржПржЦржирзЛржУ ржкрж▓рж┐ржУ ржорзБржХрзНржд рж╣ржЗржирж┐ред,,,,,
,,,,,
ржжрзБржЗржЯрж╛ ржорзЗрзЯрзЗ ржПржХрж╕рж╛рже ржХрзЗржоржирзЗ ржПрждржжрж┐ржи ржерж╛ржХрждрзЗ ржкрж╛рж░рзЗ?,,,,,
,,,,,
ржПржЗ ржжрзБржЗржЯрж╛ ржкрзНрж░рждрж┐ржмржирзНржзрзА ржХрзЛржЯрж╛рзЯ ржлрзЗрж╕ржмрзБржХрзЗ ржЕрзНржпрж╛ржХрж╛ржЙржирзНржЯ ржЦрзБрж▓рж╕рзЗ,,,,,
,,,,,
ржПржЗ ржмрж╛рж▓ржбрж╛рж░рзЗ ржбрзЗржЯ ржХржЗрж░рж╛ ржоржЬрж╛ ржкрж╛ржЗрждрж╛ржЫрзЛрж╕ ржХрзЗржоржирзЗ ржнрж╛ржЗ? ,,,,,
,,,,,
ржПржЗ ржкрзНрж░ржержо ржжрзЗржЦрж▓рж╛ржо ржХрзЛржи ржорж╛ржирзБрж╖ ржирж┐ржЬрзЗ ржерзЗржХрзЗ ржкрж╛ржмрзНрж▓рж┐ржХрзЗрж░ ржжрзБржЪрж╛ ржЦрж╛ржЗрждрзЗ ржЙржарзЗ ржкрж░рзЗ рж▓рзЗржЧрзЗржЫрзЗ ржмрзГрж╖рзНржЯрж┐рж░ ржжрж┐ржирзЗ рждрзЛрж░ ржПржЗрж╕ржм ржирж┐рзЯрзЗржУ ржЖржорж╛рж░ рж╕рж╛ржоржирзЗ ржЖрж╕рждрзЗ рж╣рзЯ! ржмрж╛рж▓,,,,,
,,,,,
ржПрждрзЛ ржЗржЪрж┐ржВ ржмрж┐ржЪрж┐ржВ ржорж╛рж░рзНржХрж╛ ржЫржмрж┐ ржЖржкрж▓рзЛржб ржжрзЗржУ ржХрзЗржирзЛредред,,,,,
,,,,,
ржПржирж╛ржо ржнрж╛ржЗрзЯрзЗрж░ ржжрзГрж╖рзНржЯрж┐ ржЖржХрж░рзНрж╖ржг ржХрж░ржЫрж┐ ржПрж░ ржмрж┐рж░рзБржжрзНржзрзЗ рж╣рзБржВржХрж╛рж░ ржЪрж╛ржЗ,,,,,
,,,,,
ржЙржлрзН ржХрж▓рж┐ржЬрж╛ржЗ рж▓рж╛ржЧрж▓рзЛ,,,,,
,,,,,
Last time рждрзЛржорж╛рж░ ржмрж╛рж╕рж╛рж░ рж╕рж╛ржоржирзЗ ржЪрж┐рж▓рзНрж▓рж╛ ржЪрж┐рж▓рзНрж▓рж┐ ржХрж░ржЫрзЗ Next time ржЖржирзНржжрзЛрж▓ржи ржХрж░ржмрзЗ,,,,,
,,,,,
ржнржмрж┐рж╖рзНржпржд ржмрж╛ржирж┐ ржХрж░рзЗ ржжрж┐рж▓рж╛ржо,,,,,
,,,,,
рж░рзЛржЬрж╛ рж░ржоржЬрж╛ржи ржорж╛рж╕рзЗ ржЦрзЛржБржЪрж╛ржЦрзБржБржЪрж┐ ржХрж░рж┐рж╕ ржХрзЗ?,,,,,
,,,,,
рж╣рж╛рж▓рж╛рзЯ ржнрж╛рж▓рзЛ ржнрж╛рж▓рзЛ ржорж╛рж▓ ржЦрзЗрзЯрзЗ ржжрзЗрзЯред ржЖржорж╛ржжрзЗрж░ ржЬржирзНржп рж░рж╛ржЦрзЗ ржирж╛,,,,,
,,,,,
ржжрзЗ рж▓рж╛рзЬрж╛ ржЪрж┐ржирж┐ ржЫрж╛рзЬрж╛,,,,,
,,,,,
"If ""ржЦрзЗрзЯрзЗ ржЫрзЗрзЬрзЗ ржжрзЗржУрзЯрж╛"" had a face..",,,,,
,,,,,
ржХрж┐ ржЪрзБржорзБ ржЦрзЗрж▓рзЛ рж░рзЗ ржмрж╛ржмрж╛,,,,,
,,,,,
"ржПржЗ рж╢рж╛рж▓рж╛рж░ ржкрзБрждрж░рзЗ ржПржХржЯрж╛ ржХрж╛ржорзЬ ржжрж┐рждрзЗ ржкрж╛рж░рждрж╛ржо, ржЬрзАржмржирзЗ рж╕ржм рж╕ржЦ ржорж┐ржЯрзЗ ржпрзЗрждрзЛред",,,,,
,,,,,
ржмрж╛ржерж░рзБржорзЗ ржлрзЗрж▓рзЗ ржжрзЗрзЯрж╛ рж╢рзБржХрзНрж░рж╛ржирзБ ржЧрзБрж▓рзЛрж░ ржорждржЗ ржЕржирзБржнрзВрждрж┐ ржЧрзБрж▓рзЛ ржлрзЗрж▓рзЗ ржжрж┐ржЪрзНржЫрж┐,,,,,
,,,,,
ржЦрж╛ржиржХрж┐ ржЙржЗрже ржЦрж╛ржиржХрж┐рж░ ржкрзЛрж▓рж╛..,,,,,
рждрж╛ржЫрж╛рзЬрж╛ ржЖржорж┐ ржирж░рзЗржирзНржжрзНрж░ ржорзЛржжрзАрж░рзЗ ржмрж┐рзЯрзЗ ржХрж░рж╛рж░ ржкрзНрж░рж╕рзНрждрж╛ржм ржжрж┐рж▓рзЗ ржнрж╛рж▓ рж╣рждред ржорж╕рзНржд ржмрзЬ ржнрзБрж▓ ржХрж░ржЫрж┐рж░рзЗ!,,,,,
ржЦрзЗрж▓рж╛ ржжрзЗржЫ..?,,,,,
"ржХрж┐рж░рзЗ ржЧрж╛ржЮрзНржЬрж╛ ржЦрзЗрзЯрзЗ ржХржерж╛ ржмрж▓рждрзЗржЫрж┐рж╕ ржирж╛ржХрж┐,",,,,,
"ржПрждрзНрждрзЗрж░рж┐ ржорж╛ржжрж╛рж░рж┐ржЪрзБржж, ржЖржорж╛рж░ ржШрзБржоржЯрж╛ рж╣рж╛рж░рж╛ржо ржХрж░рзЗ ржжрж┐рж▓рж┐ред",,,,,
"ржХрж┐рж░рзЗ ржЧрж╛ржЮрзНржЬрж╛ ржЦрзЗрзЯрзЗ ржХржерж╛ ржмрж▓рждрзЗржЫрж┐рж╕ ржирж╛ржХрж┐,",,,,,
ржмрж╛ржЗ ржжрзНржпрж╛ ржмрж╛ржЗ ржПрж░ржХржо ржирзНржпрж╛рж░рзЛ ржкрзНржпрж╛ржирзНржЯ ржкрж░рзЗ рждрзБржЗ ржорзБрждрж┐рж╕ ржХрзЗржоржирзЗ ржЪрзБржжрж┐рж░ ржнрж╛ржЗ??? ,,,,,
"ржХрж┐рж░рзЗ ржЧрж╛ржЮрзНржЬрж╛ ржЦрзЗрзЯрзЗ ржХржерж╛ ржмрж▓рждрзЗржЫрж┐рж╕ ржирж╛ржХрж┐,",,,,,
рж╕рзЛржЬрж╛ ржХржерж╛рзЯ рж▓рж┐ржн ржЯрзБржЧрзЗржжрж╛рж░ ржЖрж░ 'ржлрзНрж░рзЗржирзНржбрж╕ ржЙржЗрже ржмрзЗржирж┐ржлрж┐ржЯ'ред ржоржЬрж╛ рж▓рзБржЯрзЛ ржЙржЗржжрж╛ржЙржЯ ржПржирж┐ рж▓рж╛рзЯрж╛ржмрж┐рж▓рж┐ржЯрж┐ред ржПржХ рж╕рж╛рж▓ржорж╛ржи ржорзБржХрзНрждрж╛ржжрж┐,,,,, 
ржХрж░рж▓рзНрж▓рж╛ ржЦрж╛ржУрзЯрж╛рзЯ рж╢рж╛рж╕рзНрждрж┐ ржжрж┐ржмрж╛ ржХрж┐ржирзНрждрзБ,,,,,
ржмрж╕рзНрждрж┐ ржХрзЛржирзЛ ржнржжрзНрж░рждрж╛ ржирж╛ржЗ,,,,,
"ржЖрж╣, ржХрж┐ ржмрзЗрж╣рж╛ржпрж╝рж╛ ржорж╛ржЗржпрж╝рж╛ ржмрж╛ржирзНржзржмрзА ржЬрж╛ржорж╛ржЗ ржирж┐ржпрж╝рзЗ ржПржЦржи ржмрзНрж▓ржЧ ржХрж░рж╛ рж╢рзБрж░рзБ ржХрж░ржЫрзЗ ржЫрж┐ ржЫрж┐ ржорзЗржпрж╝рзЗ ЁЯе╣ ржЖрж░ ржорж╛ржирзБрж╖ржжрзЗрж░ рж╢рж┐ржЦрж╛ржЗрждрж╛ржЫрзЗ ржХрж┐ржнрж╛ржмрзЗ ржмрж╛ржирзНржзржмрзАрж░ ржЬрж╛ржорж╛ржЗржХрзЗ ржЫрж┐ржирж┐ржпрж╝рзЗ ржирзЗржУржпрж╝рж╛рж░ ржЯрзЗржХржирж┐ржХ ЁЯдг",,,,,
ржЪрзБрж▓ржХрж╛ржирж┐ рждрзЛ ржмрзЗрж╢рж┐ ржарж┐ржХ ржорждрзЛ ржХрж┐ржнрж╛ржмрзЗ ржмрж╕ржмрж┐,,,,,
ржлржХрж┐рж░ржирж┐ рж▓рзЛржнрзЗ ржирж╛ржЬрж┐ржо рж▓рзБржЪрзНржЪрж╛рж░рзЗ ржмрж┐ржпрж╝рзЗ ржХрж░ржЫрзЗ,,,,,
рждрзЛрж░ ржЪрзЗрж╣рж╛рж░рж╛ рждрзЗ ржорзБрждрж┐,,,,,
рждрзЛрж░ ржЪрж╛рж░ ржЯрж╛ ржнрж╛рждрж╛рж░ рж▓рж╛ржЧрзЗ,,,,,
"ржлржХрж┐ржирзНржирж┐ рждрзЛ ржЬрзАржмржирзЗ ржПржоржи ржЧрж╛рзЬрзАрждрзЗ ржЙржарзЛрж╕ ржирж╛ржЗ,рждрж╛ржЗ ржмржорж┐ рж╣рзЯ рждрзЗрж╛рж░ред ржмрж╕рзНрждрж┐рж░ ржЧрж╛рзЬрзАрждрзЗ ржмрж╕рзЗ ржХрж┐ржнрж╛ржмрзЗ ржЫрж┐ржГЁЯдорждрзЛрж░рзЗ ржжрзЗржЗржЦрж╛ ржмрж╛ржВрж▓рж╛рж░ ржорж╛ржирзБрж╖ ржмржорж┐ ржХрж░рзЗ",,,,,
ржкрзГржерж┐ржмрзАрждрзЗ рж╕ржмржЪрзЗрзЯрзЗ рж╕рзБржЦрзА ржорж╛ржирзБрж╖ рждрж╛рж░рж╛ржЗ ржпрж╛ржжрзЗрж░  ржирж╛ржЬрж┐ржо рждрж╛ржирж┐рж╢рж╛рж░ ржорждрзЛ ржЕржжрзНржнрзБржд рж▓рж┐ржЩрзНржЧ ржирж╛ржЗ ЁЯла,,,,,
ржкрзНрж▓рж╛рж╕ ржирж╛ ржмрж▓рзЗ ржорж╛ржЗржирж╛рж╕ ржмрж▓рж▓рзЗ ржнрж╛рж▓рзЛ рж╣ржЗ,,,,,
ржнрзБржЯржХрж┐ ржорзНржпрж╛ржЧрзА ,,,,,
ржУ рждрзЛрж░ ржмрж╛рж╕рж╛ржпрж╝ ржерж╛ржХржмрзЗ ржирж╛ ржХрж╛рж░ржг ржирж╛ржЬрж┐ржорзЗрж░ рждрзЛ ржЪрзЛржЦ ржЦрж╛рж░рж╛ржк ржирж╛ржЬрж┐ржо ржпржжрж┐ ржЖржмрж╛рж░ рждрзЛрж░рзЗ ржЫрж╛ржбрж╝рзЗ ржУрж░рзЗ ржзрж░рзЗ  ЁЯШО,,,,,
ржмрж╛рж╕рж╛рзЯ ржмрж╛ржирзНржзржмрж┐ ржЖржирж┐рж╕ ржирж╛ рждрзЛрж░ ржЬрж╛ржорж╛ржЗ ржЖрж░ рждрзЛрж░ ржерж╛ржХржмрзЗ ржирж╛,,,,,
рждрзЛрж░рзЗ ржЧрж╛рж▓рж┐ ржжрж┐рж▓рзЗржУ рж▓ржЬрзНржЬрж╛ рж▓рж╛ржЧрзЗ,,,,,
рждрзБржЗ ржжрзБржирж┐ржпрж╝рж╛рж░ рж╕ржм ржерж╛ржХрзЗ ржмржбрж╝ ржЦрж╛ржЩрзНржХрж┐ ржорзНржпрж╛ржЧрзА,,,,,
ржкрзНрж▓рж╛ржмржирзЗрж░ ржЦрж╛ржУржпрж╝рж╛ ржорж╛рж▓ред ЁЯШ╣,,,,,
ЁЯШС рждрж╛ржирж┐рж╕рж╛ ржмрж╕рзНрждрзБрж┐,,,,,
ржЦрзЯрж░рж╛рждрж┐ ржжрзБржЗ ржЯрж╛ржХрж╛ рж╣рж▓рзЗ ржпрж╛ ржХрж░рзЗ рждрж╛ржБрж░ ржкрзНрж░ржорж╛ржи ЁЯдгЁЯдг,,,,,
"ржПржХржЬржи ржмрзНржпрж╛ржкрж╛рж░рж┐ржХрзЗ ржкржЯрж╛ржирзЛрж░ ржЪрзЗрзЯрзЗ 
рзнржЯрж╛ ржорзЗрзЯрзЗржХрзЗ ржкржЯрж╛ржирзЛ рж╕рж╣ржЬред",,,,,
"рж▓рзЛржнрж┐ ржирж┐ржЬрзЗрж░ ржорж╛ ржПрж░ ржЬржирзНржп ржУ ржЯрж╛ржХрж╛ ржЦрзБржБржЬрзЗ,, ржкрж░ ржХржЦржирзЛржЗ ржЖржкржи рж╣рзЯржирж╛ рж╕рзЗ-ржЗ ржпрзЗржоржирж┐ рж╣рзЛржХ, ржЬрж╛ржорж╛ржЗ ржХржЦржирзЛ ржмржЙ ржПрж░ ржЖржкржи рж╣рзЯржирж╛ рж╕рзЗржЯрж╛ ржХржЦржи ржмрзБржЭрж╛ ржпрж╛рзЯ ржЬрж╛ржирзЛ ржпржЦржи ржирж┐ржЬрзЗржжрзЗрж░ ржжрзЛрж╖ ржЭрж╛ржорзЗрж▓рж╛ рж▓рж╛ржЧрждрзЗ рждрж╛ржХрзЗ,, рждржЦржи рждрзБржХрзЗ ржУ ржжрзЗржЦрж┐рзЯрзЗ ржжрж┐ржмрзЗ рждрзБрж░ ржорж╛рзЯрзЗрж░ ржЬржирзНржп ржУ ржЖржорж╛рж░ ржерзЗржХрзЗ ржЯрж╛ржХрж╛ ржЪрж╛ржЗрждрж┐ рж╢ржкрж┐ржВ ржХрж░рждрзЗ,, ржЫрж┐рж╣рзН ржмрзЗрж╣рж╛ржЗрзЯрж╛ ржорж░ржг' тШ╣я╕ПтШ╣я╕ПЁЯШВЁЯдг",,,,,
ржХрж╛рж▓ржирж╛ржЧрж┐ржирзАрж░ рж╕рж╛ржерзЗ рж▓рж┐ржВржХ ржорж╛рж░рж╛ржирж┐ЁЯЩВЁЯСН,,,,,
рждрж░рзЗ ржХрждржЯрж╛ ржШрзЗржирзНржирж╛ ржХрж░рж┐ ржПржЗржЯрж╛ ржЖржорж┐ ржЬрж╛ржирж┐ЁЯдг рждрж╛рж░ржкрж░ржУ рждрж░ ржЯржк ржлрзНржпрж╛ржи рж╣ржпрж╝рзЗ ржЧрзЗржЫрж┐ ЁЯдг,,,,,
ржЕржирзЗржХ ржЬрзЛрж░рзЗ ржЬрзЛрж░рзЗ ржжрзЗржпрж╝ ЁЯШК,,,,,
рждрзЛржжрзЗрж░ ржжрзЗржЦрж▓рзЗ ржмржорж┐ ржкрж╛ржЗ,,,,,
ржнрзВрждржирж┐ЁЯТАЁЯТА,,,,,
ржЪрзБржирзНржирж┐ рж░рзЗ рждрзЛрж░рзЗ ржжрзЗржЦрзЗ ржЖржорж┐ рж╣рж╛рж╕рждрзЗ рж╣рж╛рж╕рждрзЗ рж╢рзЗрж╖ ЁЯдгЁЯдг,,,,,
рж▓рж╛ржЗржн ржЦрж╛ржЗрзЯрж╛ ржЧрж╛ржирзНржЬрж╛ ржмрж▓рждрж╛рж╕рзЗред ржЖрж▓рзНрж▓рж╛рж╣ ржЙржирж╛рж░ ржжрзЛрзЯрж╛ ржХржмрзБрж▓ ржХрж░рзБржХ ржЖржорж┐ржиЁЯдоЁЯдо,,,,,
ржирж╛ржЬрж┐ржо ржмржжржорж╛рж╢  ржПржЦржи рж╕ржмрж╛ржЗ  ржЬрж╛ржирзЗ,,,,,
ржлрж╛ржЬрж┐рж▓ ржорж╣рж┐рж▓рж╛,,,,,
рж╕рзЗрждрж┐рж░ ржЪрзЗрж╣рж╛рж░рж░ ржжрж┐ржХрзЗ ржЪрж╛ржУржи ржпрж╛рзЯ ржирж╛ ржЖрж╣рж╛рж░рзЗЁЯдг,,,,,
"ржПржЗ ржмрзЗржбрж┐рж░рзЗ ржмрзНрж▓ржХ ржорж╛рж░рзЗржи рж╕ржмрж╛ржЗ,",,,,,
рзи рж╕рждрзАржи ржПржХ рж╕рж╛ржерзЗ рж╢ржкрж┐ржВ ржХрж░ ржпрж╛ЁЯдг,,,,,
"ржЖржкржирж┐ ржПржХржЯрж╛ ржкрж╛рждрж┐рж╣рж╛ржБрж╕ ржорж╣рж┐рж▓рж╛,ржПржХржжржо ржмрж┐рж░ржХрзНрждрж┐ржХрж░, ржнрж╛ржЗрж░рж╛рж▓ рж╣ржУрзЯрж╛рж░ ржЬржирзНржп ржПрж╕ржм ржирж╛ржЯржХ ржХрж░ржЫрзЗ рж╢рзБржзрзБ рж╢рзБржзрзБ, ржмржЯрж▓рж╛ ржмрзЗржЯрж┐ ржХрзЛржирж╣рж╛ржиржХрж╛рж░ред",,,,,
"рждрж╛ржирж┐рж╢рж╛ржХрзЗ ржирж╛ржХрж┐ рж╢рждрж┐ржи ржмрж╛ржирж╛ржмрзЗ,,рж╢рждрж┐ржи ржЖрж░ ржорзМ ржирж╛ржХрж┐ ржПржХрж╕рж╛ржерзЗ ржерж╛ржХржмрзЗредржнрж╛ржЗрзЯрж╛ рж╕рж╛ржмрзНржмрж╛рж╢ ЁЯдгЁЯШВЁЯдг",,,,,
"angry den рж╕ржмрж╛ржЗ ржкрзЗржЬ ржПрж░ рж░рж┐ржЪ ржХржорзЗ ржпрж╛ржмрзЗ
ржП ржкрж░ржХрзАрзЯрж╛ ржкрзНрж░ржорзЛржЯ ржХрж░рзЗ
рж╕ржмрж╛ржЗ рж╕рж╛ржмржзрж╛ржи ржП ржоржЬрж┐ржж ржерзЗржХрзЗ",,,,,
ржЖржкрж╛ ржкрж░ржХрзАрзЯрж╛рж░ ржкрзНрж░ржорзЛржЯ ржХрж░ржмрзЗржи ржирж╛ ржЖрж░?,,,,,
рждрж╛ржирж┐рж╢рж╛рж░ ржЪрж╛ржоржЪрж╛ рж▓рзЛржнрж┐ ржорж╣рж┐рж▓рж╛,,,,,
ржЯрзЛржХрж╛ржЗ рж╕ржорж╛ржЬ ржпржЦржи ржПржХ рж╕рж╛ржерзЗ рж╣рзЯ ЁЯШВ,,,,,
"ржлрж╛ржЗржЬрж▓рж╛ржорж┐рж░ ржПржХржЯрж╛ рж▓рж┐ржорж┐ржЯ ржерж╛ржХрзЗ,,ржЦрж╛ржУрзЯрж╛ ржЖрж▓рзНрж▓рж╛рж╣рж░ ржПржХржЯрж╛ ржирзЗрзЯрж╛ржоржд, ржЕржержЪ рждрж╛рж░рж╛ ржХрж┐ ржПржХржЯрж╛ ржЕржмрж╕рзНржерж╛ ржХрж░рждрзЗржЫрзЗ,ржирж╛ржЪрж╛ржирж╛ржЪрж┐ рж▓рж╛ржлрж╛рж▓рж╛ржлрж┐ ЁЯШн",,,,,
ржирж╛ржкрж┐ржд ржорж╛ржорзБржи,,,,,
рж╕рзБрзЯрзЛрж░рзЗрж░ ржмрж╛ржЪрзНржЪрж╛ ржЧрзБрж▓рзЛ ржХрзНржпрж╛ржорзЗрж░рж╛ ржПрждрзЛ рж▓рж░рж╛рж▓рзЗ ржЪрзЛржЦрзЗрж░ ржоржзрзНржпрзЗ ржХрзЗржоржи рж▓рж╛ржЧрзЗ ржЬрж╛ржирж┐ржб,,,,,
ржмржжржирж╛ ржжрж┐рзЯрж╛ ржкрж╛ржирж┐ ржЦрж╛ржУрзЯрж╛ ржмрж╛ржж ржЖржЫрзЗ рж╢рзБржзрзБ,,,,,
ржкрж╛ржЧрж▓рзЗ ржХрж╛рж░ржЦрж╛ржирж╛ ржмрж╛ржВрж▓рж╛рж░ ржорж╛ржЯрж┐рждрзЗ,,,,,
ржмрж╛ржкрзЗрж░ ржЬрж░ржорзЗ ржЬрж╛ ржирж╛ржЦрж╛ржЗржЫрзЗ ржПржЦржи рж╕ржм ржкрж╛ржЗрждрж╛ржЫрзЗ,,,,,
ржмрзЗрж╣рж╛ржпрж╝рж╛ржк ржЖржирж╛ ржмржирзНржз ржХрж░,,,,,
рж░рж╛рж╕рзНрждрж╛ ржШрж╛ржЯрзЗрж░ ржУржХрж╛ржпрж╝ ржЯрзЛржХрж╛ржЗрзЯрзЗрж░ рж╕ржорж╛ржмрзЗрж╕редрж╕ржм ржЗржЪрж╛рж╕ ржУржкрж┐ржЪрж╛рж╕ ржПржХржжрж┐ржХрзЗредЁЯдоЁЯдоЁЯдоЁЯдоЁЯдоЁЯдоЁЯдоЁЯдоЁЯдоЁЯдоЁЯдоЁЯдоЁЯШбЁЯШбЁЯШбЁЯШбЁЯШбЁЯШбЁЯШбЁЯШбЁЯШбЁЯШбЁЯШбЁЯШбЁЯШбЁЯШбЁЯШбЁЯдоЁЯдоЁЯШбЁЯдоЁЯШбЁЯдоЁЯШбЁЯдоЁЯШбЁЯдоЁЯШбЁЯдо,,,,,
ржорж╛ржорзБржирзНржирзЗ ржХрзЗ ржХрж┐ ржкрж╛ржЧрж▓ ржХрзБрждрзНрждрж╛рзЯ ржХрж╛ржорж░ ржжрж┐ржЫрзЗ ржПрж░ржХржо рж▓рж╛ржкрж╛ржЗ ржХрзЗрж░рзЗ,,,,,
ржлржХрж┐ржирзНржирж┐рж░ ржмрж╛ржЪрзНржЪрж╛ ржлржХрж┐ржирзНржирж┐рж░ рж╕ржнрж╛ржмред,,,,,
ржлрж┐ржЪрж╛ ржорж╛рж░,,,,,
ржлржХрж┐рж░ ржпржЦржи ржмрзЬрж▓рзЛржХрзНрж╕ рж╣рзЯред рж╕рж╛рж▓рж╛ ржЯрзБржХрж╛ржЗ ЁЯШВ,,,,,
ржПржжрзЗрж░ ржПрж╕ржм рж▓ржЯрж┐ ржХрж┐ржУрж┐ ржЖрж░ ржнрж▓рзЛ рж▓рж╛ржЧрзЗржирж╛,,,,,
ржЯрж┐ржХржЯржХ ржорж╛-рж░рж╛-ржирж┐,,,,,
ржирзЛржВрж░рж╛ ржХрж╛ржЬ ржПржЗржЧрзБрж▓рж╛ред,,,,,
ржЦрж╛ржЪржЪрж░,,,,,
ржЬрж╛ржЗрж░рж╛ рж╣рзНрж▓рж╛рж░ржкрзЛЁЯШВ,,,,,
ржП ржорж╛ржорзБржирзНржирж╛ ржЦрж╛ржиржХрж┐рж░ ржкрзЛрж▓рж╛ рждрзЛрж░ ржмржЙрж░рзЗ ржЪ*** рждрзЛрж░ ржЪ*** рж▓рж╛ржпрж╝рж▓рж╛ рж▓рж╛ржЗрж▓рж╛рждрзБрж▓ рж▓рж╛ржЗрж▓рж╛рж░рзЗ ржЖржЗ рж▓рж╛ржн ржЗржЙ,,,,,
ржЦржирж┐ржХрзЗрж░ ржЫрзЗрж▓рзЗ ЁЯШСЁЯе┤ЁЯе┤,,,,,
ржнрж╛ржЗ ржУржЯрж╛ ржХрзНрж░рзЛржо ржмрзНрж░рж╛ржЙржЬрж╛рж░ ржП ржЖржЫрзЗ..!ЁЯМЪЁЯе┤,,,,,
"ржЯрзЗржбрж╛ ржЦрж╛ржУрзЯрж╛ ржХржорж╛рзЯ ржжрзЗрзЯ, рж╕ржм ржкрж╛ржмрж┐ ржмрж╛ржмрж╛",,,,,
ржХрзНрж╖ржирж┐ржХрзЗрж░ ржмрзЗржЯрж┐ ржХрзНрж╖ржгрж┐ржХрзЗрж░ ржмрзЗржЯрж╛ рж╕ржЩрзНржЧрзА ржерж╛ржХржмрзЛ  ржХржмрзЗ ржкрзЛрж▓рж╛ржкрж╛ржирж┐ ржЪрж┐ржкрж╛ржд ржирж┐ржпрж╝рзЗ рж╕рж╣ржмрж╛рж╕ ржХржЗрж░рж╛ ржжрзЗ ржЖржорж┐ ржЦрзБржм ржЪрж┐ржирзНрждрж┐ржд  ЁЯШБЁЯШБ,,,,,
"VPN ржП ржЦрзЛржБржЬрзЛ,,, ржкрзЗрзЯрзЗ ржпрж╛ржмрзЗЁЯШБ",,,,,
рждрзБрж░ ржПрзНржпрж╛ржк рж╕рзНржЯрзЛрж░рзЗ ржврзБржХрж╛рж░ ржпрзЛржЧрзНржпрждрж╛ ржЖржЫрзЗ?,,,,,
ржнрж╛ржЗ рждрзБржорж┐ рж╕ржм ржмрж╛ржж ржжрж┐рзЯрж╛ ржкрж╛ржмржирж╛рж░ рж░рж╛рж╕рзНрждрж╛ ржЦрзБржЬрзЛредредред ржнржмрж┐рж╖рзНржпрзО ржЦрж╛рж░рж╛ржк,,,,,
ржЖрж╣рж╛рж░рзЗ рж╢ржирж╛ржЧрзЛ ржЖржорж╛рж░ ржХрж┐ ржЧрзЗржо ржкрзЛрж▓рж╛ржкрзЛрж▓рж┐ ржкрж┐ржЪрзНржЪрж┐ ржнрж╛ржЗржпрж╝рж╛,,,,,
ржХрж┐рж░рж┐ржо ржЖржкрж╛ ржЖрж░ ржкрж╛рж╢рзЗрж░ржЯрж╛ рж╣ржЪрзНржЫрзЗ ржЙржЧрж╛ржирзНржбрж╛,,,,,
рждрж╛ржирж┐рж╢рж╛ржХрзЗ ржмрж╛ржжрзБрж░ рж▓рж╛ржЧржЫрзЗ,,,,,
"ржПрждржжрж┐ржи ржПржХ рж╕ржЩрзНржЧрзЗ ржерж╛ржХрж╛рж░ ржкрж░ржУ ржХрж┐ржнрж╛ржмрзЗ ржзрж░рзНрж╖ржг ржХрж░рж▓,ржирж┐рж░рзНрж▓ржЬрзНржЬ ржмрзЗрж╣рж╛рзЯрж╛ред",,,,,
ржкрзЛрж▓рж╛ ржЦрзЛрж░ ржПржЗ ржорж╣рж┐рж▓рж╛,,,,,
рж╕ржмрж┐ ржЖржХрж┐ржЬ ржПрж░ ржкрж┐ржирж┐ржХЁЯР╕ЁЯР╕,,,,,
ржирж╖рзНржЯрж╛ ржорж╣рж┐рж▓рж╛ ржжрзЗржЦрждрзЗ ржмрзБржЭрж╛ ржпрж╛ржЪрзНржЫрзЗредред,,,,,
рждрзЛрж░рзЗ ржХрж░рзЛржирж╛рзЯ ржзрж░рзЗржирж┐ ржХрзЗржирзЛред,,,,,
ржирж╖рзНржЯ ржорзЗржпрж╝рзЗржжрзЗрж░ рждрж╛ржЗ,,,,,
рж▓рж╛рж░рж╛ ржЦрж╛ржЗржЫрзЗ,,,,,
"ржмрзЗржбрж┐ ржПржХржЯрж╛ ржЦрж╛рж░рж╛ржк, рждрж╛ржЗрж░ ржЖрж╕рж▓ рж░рзБржк ржмрзЗрж░ рж╣ржЪрзНржЪрзЗ",,,,,
"ржПржЗ рж╢рж╛рж▓рзАржХрзЗ ржХрж╛рж╢рж┐ржоржкрзБрж░ ржХрж╛рж░рж╛ржЧрж╛рж░рзЗ ржирж┐рзЯрзЗ ржпрж╛ржУрзЯрж╛ рж╣рзЛржХ,ред",,,,,
ржмрзНржпрж╢рзНржпрж╛ ржирж╛рж░рзА рж╕ржорж╛ржЬрзЗрж░ ржХрж▓ржЩрзНржХ,,,,,
"ржПржЗ ржорж╣рж┐рж▓рж╛ржХрзЗржУ ржЖржЗржирзЗрж░ ржЖржУрждрж╛ржпрж╝ ржирж┐ржпрж╝рзЗ ржмрж┐ржЪрж╛рж░ ржХрж░рж╛ рж╣рзЛржХ, ржПрж░рж╛ ржирзЛржВрж░рж╛ржорж┐ ржХрж░рзЗ ржХрж░рзЗ ржЖржорж╛ржжрзЗрж░ ржжрзЗрж╢рзЗрж░ ржкрж░рж┐ржмрзЗрж╢ржЯрж╛ржЗ ржирж╖рзНржЯ ржХрж░рзЗ ржжрж┐ржЪрзНржЫрзЗред",,,,,
ржПрж░рж╛ ржжрзБржЬржирзЗржЗ рж╕ржорж╛ржЬрзЗрж░ ржирж╖рзНржЯ ржХрзАржЯржкрждржЩрзНржЧ,,,,,
ржжрзБржЗржЯрж╛рж░рзЗ ржбрж┐ржо ржерзЗрж░рж╛ржкрж┐ ржжрзЗржУрзЯрж╛ рж╣ржХ,,,,,
ржмрзЗржЯрж┐ рждрж░ рж╕рж░ржо ржЖржЫрзЗ ржирж┐,,,,,
"ржХрзЗржЙ ржЪрж╛ржЗрж▓рзЗ ржмрж┐ржпрж╝рзЗ ржХрж░рзЗ рж╕ржВрж╕рж╛рж░ ржХрж░ржмрзЗ,ржирж╛ ржЪрж╛ржЗрж▓рзЗ ржмрж┐ржпрж╝рзЗ ржирж╛ ржХрж░рзЗржЗ рж▓рж┐ржн ржЯрзБржЧрзЗржжрж╛рж░ ржХрж░ржмрзЗредржПрж░ржХржо ржЕрж╢рж┐ржХрзНрж╖рж┐ржд ржЧрж░рзНржжржн ржорж╛рж░рзНржХрж╛ ржкрзНрж░рж╢рзНржи ржмрж╛ржВрж▓рж╛ржжрзЗрж╢рзЗрж░ ржЧрж░рзАржм ржорзВрж░рзНржЦ рж╕рж╛ржВржмрж╛ржжрж┐ржХ ржжрзНржмрж╛рж░рж╛ рж╕ржорзНржнржмред",,,,,
ржХржерж╛ ржмрж▓рждрзЗ ржмрж▓рждрзЗ рж▓рж╛рзЯрж▓рж╛рж░ ржорзБржЦ ржжрж┐рзЯрзЗ ржерзБ ржерзБ ржмрзЗрж░ рж╣рзЯрзЗ ржпрж╛ржЪрзНржЫрзЗред ржЖрж╣рж╛ ржмрзЗржЪрж╛рж░рж┐ ЁЯддЁЯШк,,,,,
рж▓рж╛ржпрж╝рж▓рж╛ржХрзЗ ржирж╛ржмрж╛рж▓ржХ ржЫрзЗрж▓рзЗ ржзрж░рзНрж╖ржг ржХрж░рж╛рж░ ржорж╛ржорж▓рж╛ ржжрзЗржпрж╝рж╛ рж╣рзЛржХ,,,,,
"ржмрж╛ржВрж▓рж╛ржжрзЗрж╢рзЗрж░ ржоржзрзНржпрзЗ рж╕ржмржЪрзЗрзЯрзЗ ржмрзЗрж╣рж╛рзЯрж╛ ржорзЗрзЯрзЗ,ржЖржорж╛рж░ ржорждрзЗ рж▓рж╛рзЯрж▓рж╛ ржХрзЗ рж░рж╛рж╖рзНржЯрзНрж░рзЗрзЯ ржнрж╛ржмрзЗ ржмрзЗрж╣рж╛рзЯрж╛ ржЦрзЗрждрж╛ржм ржжрзЗрзЯрж╛ рж╣рзЛржХред",,,,,
ржПржЦржи ржжрзЗрж╣ржмрзНржпрж╛ржмрж╕рж╛ рж╢рзБрж░рзБ ржХрж░,,,,,
ржЯрзБржХрж╛ржЗ ржЦрж╛ржиржХрж┐рж░ ржкрзЛрж▓рж╛  ржХржд ржмрзЬ рж▓рзЛржнредржжрж┐ржЯрж╛ ржмрж╛рзЬрж┐  ржЪрж╛рзЯредржмрж┐ржжрзЗрж╢ ржХрж░рзЗ ржПржХржЯрж╛ ржмрж╛рзЬрж┐  ржХрж░рждрзЗ  ржкрж╛рж░рж┐ ржирж╛редржорж╛ржжрж╛рж░рж┐ рждрж░ ржЬрзЗрж▓ рж╣ржУрзЯрж╛ ржЙржЪрж┐ржд,,,,,
"ржпрзЗржоржи рж▓рзЛржнрзА ржкрзЛрж▓рж╛,рждрзЗржоржи рж▓рзЛржнрзА ржорж╛ред",,,,,
"рж▓рж╛рзЯрж▓рж╛рж░ ржорж╛рж▓ ржЦрзЗрзЯрзЗ ржЬрж┐рж╣рзНржмрж╛ рж▓рж╛ржорзНржмрж╛ рж╣рзЯрзЗ ржЧрзЗржЫрзЗ,",,,,,
ржорж╛рж░ ржЪрзЗржпрж╝рзЗ ржорж╛рж╕рж┐рж░ ржжрж░ржж ржжрзЗржЦрж╛ ржпрж╛ржпрж╝ ржмрзЗрж╢рж┐ ржмрж╛ржгрзАрждрзЗ  рж▓рж╛ржпрж╝рж▓рж╛ ЁЯе┤,,,,,
ржУржЗ рж╕рзБржкрж╛ рж░рж╛ржХрж╛рж░ рж░рзБржо ржХрзЗ ржХрж┐ ржмрж▓рзЗ ржУржЗржЯрж╛ ржЪрж┐ржирзЗржи ржирж╛ ржЙржирж┐ ржЖрж░ ржЯрзЗржи ржорж┐рж▓рж┐ржпрж╝ржи ржлрж▓рзЛржпрж╝рж╛рж░ ржЪрж┐ржирзЗржи ржЖржЬржм рж▓рзЛржХ ЁЯе╕,,,,,
ржорж╛ржорзБржирзЗрж░ ржорждржи ржЬрж╛рж░ржЬ рж╕ржирзНрждрж╛ржиржжрзЗрж░ ржЬржирзНржп ржмрж░рзНрждржорж╛ржи ржЬрзЗржирж╛рж░рзЗрж╢ржи ржЦрж╛рж░рж╛ржк рж╣ржЪрзНржЫрзЗ ржмрж▓рзЗ ржоржирзЗ ржХрж░рж┐ ржЖржорж┐ ЁЯШб,,,,,
"рж╣рж╛рж▓ржХрж╛ ржкрж╛рждрж▓рж╛ ржжрзЗржЦрж╛ рж╢рзБржирж╛ ржХрзЛржиржЯрж╛ ржмрзБржЬрж▓рж╛ржо ржирж╛, 
рждрж╛рж╣рж▓рзЗ ржЖржорж░рж╛ ржХрж┐ ржПржЯрж╛ржЗ ржмрзБржЬржм- ржорж╛ржорзБржиржХрзЗ ржжрзБржз ржЦрж╛ржУрзЯрж╛ржирзЛрж░ ржЬржирзНржп рж▓рж╛рзЯрж▓рж╛ ржЖрж╕рждрзЛ ржорж╛ржорзБржирзЗрж░ ржмрж╛рж╕рж╛рзЯ, ржХрж╛рж░ржи *- ржорж╛ржорзБржи ржХрж┐ржирзНрждрзБ ржкрзБрж╖рзНржЯрж┐рж╣рж┐ржирждрж╛рж░ рж░рзЛржЧрзЗ ржнрзБржЧржЪрж┐рж▓,  ржорж╛ржорзБржиржХрзЗ ржкрзНрж░ржЪрзБрж░ рж╢рж╛рж▓- ржжрзБржз ржЦрж╛ржУрзЯрж╛ржирзЛрж░ ржжрж░ржХрж╛рж░ ржЪрж┐рж▓,",,,,,
рж╣рзЗрж░ рж▓ржЧрзЗ ржорзБржЯржХрж┐ржбрж╛ ржХрж┐ржбрж╛ ржЖржмрж╛рж░?,,,,,
"ржЫржмрж┐рж░ ржирж╛ржо ""ржЯрзЛржХрж╛ржЗ ржХрзЗржи ржЬрзЗрж▓рзЗ""",,,,,
рж▓рж╛рзЯрж▓рж╛ 2 ржЖржмрж╛рж░  рж╣рж╛ржЬрж┐рж░ рж╣ржЗрж╕рзЗ,,,,,
ржЖржЗржиржЬрзАржмрзА ржЖржлрж╛рзЯ ржмрзЬ ржжрзБржГржЦ ржкрж╛ржЗрж░рж╛ЁЯШ│ЁЯШ│ЁЯШ│,,,,,
рж╕рж╛ржерзЗрж░ ржорж╛ржЗрзЯрж╛рж░ ржнрж╛ржм ржжрзЗржЦрж╛ ржпрж╛ржЗрждрж╛ржЫрзЗ ЁЯдг,,,,,
ржПржЗ ржмрзБрзЬрзА  ржмрзЗржбрж┐рж░рзЗ ржЖржЗржирзЗрж░ ржЖржУрждрж╛рзЯ ржЖржирж╛ рж╣рзЛржХ,,,,,
ржЙржХрж┐рж▓ ржЖржкрж╛ржХрзЗ ржЙржХрж┐рж▓ ржЙржХрж┐рж▓ ржХржо рж▓рж╛ржЧрждрзЗржЫрзЗ ржмржЙ ржмржЙ рж▓рж╛ржЧрждрзЗржЫрзЗ ржмрзЗрж╢рж┐ред ЁЯдгЁЯдгЁЯдг,,,,,
"ржмрзЗржХрж╛рж░рж┐ ржнрж╛рж▓рзЛ ржирж╛ рж╣рж▓рзЗ ржмрж┐рж╕рзНржХрзБржЯ 
ржХржЗ ржерзЗржХрзЗ ржнрж╛рж▓рзЛ рж╣ржмрзЗ
ржмрзЗржХрж╛рж░рж┐  ржпрзЗ рж▓рзЛржнрзАЁЯШбЁЯШб",,,,,
ржмрзЗрж╣рж╛рзЯрж╛ ржмрзЗржбрж┐,,,,,
ржЦрж╛рж▓рж╛ рждрзБржорж┐ рж╕рзЗрж▓рзБржирзЗ ржЧрж┐ржпрж╝рзЗ ржнрзБрж░рзБ ржлрзЗрж▓рж╛ржХ ржХрж░рзЗ ржЖрж╕рзЛ,,,,,
"ржЫрзЗрж▓рзЗржЯрж╛ ржЖрж╕рж▓рзЗ ржмрзЗржпрж╝рж╛ржжржм ржПржмржВ рж▓рзБржмрж┐ ржЫрж┐рж▓ рж▓рзЛржнрж┐ ржорж╛ржорзБржи,,, ржХрж╛рж░ ржЙржЫрж┐рж▓рж╛ржпрж╝ ржжрзБржирж┐ржпрж╝рж╛ ржжрзЗржЦржЫрзЛ ржорзЛрж▓рзНрж▓рж╛ ржЪрж┐ржирзЛ ржирж╛,,,",,,,,
ржмржжржорж╛ржЗрж╢рзЗрж░ ржорж╛,,,,,
ржиржЯрж┐ ржЙржХрж┐рж▓ ржХрж┐ ржнрж╛ржи ржзрж░ржЫрзЗ,,,,,
ржЖржорж┐ ржЪрж╛ржЗ ржбрж┐ржнрзЛрж░рзНрж╕ рж╣рзЛржХ ЁЯдЪЁЯдЪЁЯдЪЁЯдЪЁЯдЪЁЯдЪЁЯдЪЁЯдЪЁЯдЪЁЯдЪ,,,,,
ржкрж╛ржЧрж▓ ржорж╣рж┐рж▓рж╛,,,,,
ржмрзБрзЬрж┐ ржкрзЗрждрзНржирж┐ ржирж╛редрж▓рж╛рзЯрж▓рж╛ржмрзБрзЬрж┐ ржпрзЗ рждрж╛рж░ ржЪрзЗрзЯрзЗ ржмрзЗрж╢рзА ржмрзЯрж╕ ржПржЗржЯрж╛ ржЗ ржжрзЗржЦрж╛рзЯрзЗ ржкрзНрж░ржорж╛ржи ржХрж░рзЗ ржжрж┐рж▓рзЛред,,,,,
ржкрж╛рж▓рждрзБ ржорж╣рж┐рж▓рж╛,,,,,
"ржЖржЧрзЗрж░ ржмрж╛рж░ ржорзЗрзЯрзЗ ржорж╛ржЫ ржЫрж┐рж▓,
ржПржЗржмрж╛рж░ ржЫрзЗрж▓рзЗ ржорж╛ржЫ ЁЯлдЁЯлд",,,,,
ржорж╛ржорзБржи рждрзЛ ржмрзЬ ржкрзНрж░рждрж┐ржмржирзНржзрзАред,,,,,
ржПржЧрзБрж▓рзЛ ржорж╛ржорзБржирзЗрж░ ржорж╛рзЯрзЗрж░ ржкрж╛ржкрзЗрж░ ржлрж▓ ржиржЯрж┐ ржорж╣рж┐рж▓рж╛ ржПржХржЯрж╛,,,,,
ржорж╛ржорзБржи ржПржХржЯрж╛ рж▓рзБржЪржЪрж╛ ржмрзБрзЬрж╛ ржмрзЗржЯрж┐ рж╕ржм ржЯрж╛ржХрж╛ ржкржЗрж╕рж╛ рж╣рж╛рждрж┐рзЯрзЗ ржирж┐рзЯрзЗржЪрзЗ ржорж╛ржорзБржи,,,,,
ржорж╛ржорзБржирзЗрж░ рж╕рж░рж▓рждрж╛рж░ рж╕рзБржпрзЛржЧ ржирж┐рзЯрзЗ рж╣рж┐ржВрж╕рзНрж░ ржЪрж░рж┐рждрзНрж░рж╣рзАржи ржорж╣рж┐рж▓рж╛ рж▓рж╛рзЯрж▓рж╛ ржЦрзЗрж▓рж╛ ржХрж░ржЫрзЗред,,,,,
ржорж╛ржорзБржирзЗрж░ ржкрж░рж┐ржмрж╛рж░ рж▓рж╛рзЯрж▓рж╛рж░ ржжрзВрж░рзНржмрж▓рждрж╛рж░ рж╕рзБржпрзЛржЧ ржирж┐рзЯрзЗ рж▓рж╛рзЯрж▓рж╛ржХрзЗ ржЪрзБрж╖рзЗ ржЦрзЗрзЯрзЗ ржлрзЗрж▓ржЫрзЗ,,,,,
ржЯрзБржХрж╛ржЗ ржкрж░рж┐ржмрж╛рж░рзЗрж░ рж╕ржмрж╛ржЗ ржкрзНрж░рждрж┐ржмржирзНржзрзА,,,,,
"ржЧрж╛ржиржЯрж╛ржХрзЗ ржзрж░рж╕ржи ржХрж░рзЗ ржжрж┐рж▓,,ЁЯдгЁЯдгЁЯдгЁЯдг",,,,,
рж╣рж┐рж░рзЛ ржЖрж▓ржорзЗрж░ рж╢рзЗрж╖ ржмржЙ,,,,,
"ржХрзБрждрзНрждрж╛ ржЦрж╛рж▓рзЗ  ржкрж░рзЗ ржорж╛рж░рж╛ ржЧрзЗржЫрзЗ 
ржХрзБрждрзНрждрж╛ржХрзЗ ржорж╛ржЯрж┐ ржжрзЗржУрзЯрж╛рж░ ржмрзНржпржмрж╕рзНржерж╛ ржХрж░рж╛ рж╣рзЛржХ, ЁЯдгЁЯдг",,,,,
ржХрзБржХрзБрж░рзЗрж░ ржмрж╛ржЪрзНржЪрж╛ рждрзЛржХрзЗ ржПржд ржЧрж╛рж▓рж┐ ржжрзЗржЗ рждрж╛рж░ржкрж░ржУ ржЧрж╛ржи ржмрж▓рж┐,,,,,
ржЬрзБрждрж╛ ржжрж┐ржпрж╝рзЗ ржкрзЗржЯрзЗ рж╕рж╛ржмрж╛ржи ржжрж╛рж░ ржЫрзБржЯрзЗ ржлрзЗрж▓ржмрзЗ,,,,,
ржЖржЗржЪрзЗ ржЖрж░рзЗржХ ржЫрж╛ржЧрж▓рзЗрж░ ржмрж╛ржЪрзНржЪрж╛,,,,,
ржХрзБрждрзНрждрж╛ ржХрзЗржЙ ржХрзЗржЙ ржЖрж░рзЛ ржнрж╛рж▓рзЛ  рж╢рзБржирж╛ ржпрж╛рзЯ,,,,,
ржоржирзЗ рж╣рзЯ ржХрзБрждрзНрждрж╛ ржЪрж┐рж▓рзНрж▓рж╛ржЗрждрзЗ,,,,,
ржЧрж▓рж╛ ржкрж╛ржЗржЫрзЗ ржмрж╛рж╕рзЗрж░ ржХрзЗрждрж╛,,,,,
рж░рж╛ржЬрж╣рж╛рж╕ЁЯдгЁЯдг,,,,,
"рждржУржмрж╛ рждрж╛ржУржмрж╛ ржПржЧрзБрж▓рзЛ ржжрзЗржЦрж╛ ржУ ржкрж╛ржк,,,ЁЯШб",,,,,
ржЖржЬрж╛ржЗрж░рж╛ ржкрзНржпрж╛ржЪрж╛рж▓ рж╣ржЗржирж╛ рж▓рж╛ржн ржирж╛ржЗ ржПрж░рж╛ рж╕ржорж╛ржЬрзЗрж░ ржХрж┐ржЯ ржПрж░рж╛ ржирж╛рж╕рзНрждрж┐ржХрждрж╛ ржЫржбрж╝рж╛ржЪрзНржЫрзЗ ржПржжрзЗрж░ ржПржЦржиржЗ рж░рзБржЦрждрзЗ рж╣ржмрзЗ,,,,,
"ржмрзЗржпрж╝рж╛ржжржм ржорзЗржпрж╝рзЗ ржорж╛ ржмрж╛ржмрж╛рж░ ржХрзЛржи рж╢рж┐ржХрзНрж╖рж╛ ржкрж╛ржпрж╝ ржирж╛ржЗ,ржПржжрзЗрж░ржХрзЗ  ржЖржЗржирзЗрж░ ржЖржУрждрж╛ржпрж╝ ржЖржирж╛ рж╣рзЛржХ",,,,,
ржХрж╛ржкрзЬ ржЦрзБрж▓рзЗ ржЪрзЗржХ ржХрж░рж╛ рж╣рзЛржХред,,,,,
рж╕ржоржХрж╛ржорзАржжрзЗрж░ ржЙржкрж░ ржЖрж▓рзНрж▓рж╛рж╣рж░ рж▓рж╛ржиржд ЁЯШбЁЯШбЁЯШб,,,,,
ржкрж╛ржмржирж╛ ржерзЗржХрзЗ ржжрзБржЗ ржкрж╛ржЧрж▓ ржкрж╛рж▓рж┐ржпрж╝рзЗржЫрзЗ,,,,,
"ржЗрждрж░ ржЧрзБрж▓рж╛, рж╕ржо рж▓рж┐ржЩрзНржЧрзЗ ржмрж┐ржпрж╝рзЗ ржирж╛ржЗ, ржмрж┐ржпрж╝рзЗ рж╣рж▓рзЗржЗ рж╕ржорзНржкрж░рзНржХ ржоржЬржмрзБржд рж╣ржпрж╝ ржирж╛, рждрзЛрж░рж╛ рждрзЛ ржкрж╛ржкрзА ржЕржкржмрж┐рждрзНрж░ ржПржЦрж╛ржирзЗ ржмрж┐ржпрж╝рзЗрж░ ржкрзНрж░ржпрж╝рзЛржЬржи ржирж╛ржЗред

 ржмрж┐ржмрж╛рж╣ ржПржХржЯрж┐ ржкржмрж┐рждрзНрж░ ржмржирзНржзржи ржпрж╛ ржмрж┐ржкрж░рзАржд рж▓рж┐ржЩрзНржЧрзЗрж░ рж╕ржЩрзНржЧрзЗ рж╣ржпрж╝ред",,,,,
ржлрж╛рж▓рждрзБ ржХрзЛржерж╛ржХрж╛рж░ред,,,,,
ржзржи ржУржпрж╝рж╛рж▓рж╛ ржорж╛ржЗржпрж╝рж╛,,,,,
ржмрж┐рзЯрж╛ржЦрж▓рж░ ржлрзБрзЬрж┐ржирждрж░ ржХржерж╛ рж╣рзБржирзЛред,,,,,
рждрзЗрж▓ ржЫрж╛ржбрж╝рж╛ рж╣ржирзНржбрж╛ рж╕рзНржЯрж╛рж░ ржжрж┐рждрзЗ ржЪрж╛ржУ,,,,,
"рж▓рж╛рждржерж┐ ржЦрж╛ржУрзЯрж╛рж░ time рж╣рзЯрзЗ ржЧрзЗржЫрзЗ , smart ass",,,,,
ржирзБржирзБ ржорж┐рзЯрж╛ ржХржЗ,,,,,
ржЖржкрзБрж░рж╛ ржкрзНрж▓рж╛рж╕рзНржЯрж┐ржХрзЗ ржмрж┐рж╢рзНржмрж╛рж╕рзА ЁЯдгЁЯдгЁЯдгЁЯдг,,,,,
рждрж╛рж╣рзЗрж░рж┐рж░ржорждржЗ ржнржирзНржб,,,,,
рждрзЛржХрзЗ ржжрзЗржЦрж▓рзЗ рж╕рж╛рж░рж╛ рж╢рж░рзАрж░рзЗ ржЖржЧрзБржи ржЬрзНржмрж▓рзЗ,,,,,
рждрж╛ржирж┐рж╢рж╛рж░ ржЬржирзНржп рж╕рж╛рж░рж╛ ржмрж╛ржВрж▓рж╛ржжрзЗрж╢рзЗрж░ ржорж╛ржпрж╝рзЗрж░рж╛ ржЬрзБрждрж╛рж░ ржмрж╛ржбрж╝рж┐ рж░рж╛ржЦ ржЫрзЗ,,,,,
"ржЬрж╛ржЧ ржХрж╛ржХ ржЖрж░ ржорзЯрзВрж░рж┐ ржУ ржнрж╛ржЗрж░рж╛рж▓ рж╣рж▓рзЛ,,ЁЯШ╡тАНЁЯТлЁЯШ╡тАНЁЯТл",,,,,
ржжрзБржЗржЯрж╛ржЗ ржЕрж╕рж╣рзНржп,,,,,
ржбрж╛ржЗржирж┐ ЁЯШДЁЯШДЁЯШДЁЯШДЁЯШЕЁЯШЕЁЯШЕЁЯШЕЁЯШЕЁЯШаЁЯШаЁЯШаЁЯШаЁЯШаЁЯШаЁЯШаЁЯШаЁЯШа,,,,,
рж╣рзЛржЧрж╛ ржорзЗрж░рзЗ ржжрж┐ржпрж╝рзЗржЫрзЗ ржПржЦржи ржХрзЗржоржи рж▓рж╛ржЧржЫрзЗ ржЖржлрж╛ЁЯЩВЁЯСП,,,,,
ржПржЦржи ржорж╛рж░рж╛ржЯрж╛ ржУ рждрзБржорж┐ ржЦрж╛рзЯрж▓рж╛ред ржкрж╛ржмрж▓рж┐ржХрзЗрж░ ржзрж╕ ржирж╛ржЗред ржкрж╛ржмрж▓рж┐ржХ рж╣рзБрж╢рж┐рзЯрж╛рж░ ржХрж░ржЪрзЗ,,,,,
"рждрзЛрж░рзЗ ржЪрж░рж╛ржорзБ ржЫрзЗрж░рж┐,,ржмрж╛рж▓ ржкрж╛ржХржирж╛",,,,,
ржмрж╛рж▓рзЗрж░ ржирж╛ржЯржХ,,,,,
ржжрзБржЬржи ржнрж╛ржЧ ржХрзЛрж░рзЗ ржЦрж╛ ржнрж╛ржЗ,,,,,
ржЬрж╛ржирзЛрзЯрж╛рж░рзЗрж░ ржмрж╛ржЪрзНржЪрж╛ ржПржоржи ржнрж┐ржбрж┐ржУ ржЖржкрж▓рзЛржб ржХрж░рж┐рж╕ ржпрж╛рж░ ржирж╛ржо ржХрзЗржЙ ржЬрж╛ржирзЗ ржирж╛ред ржХрзЗржирж░рзЗ ржирж╛ржЯржХрзЗрж░ ржирж╛ржоржЯрж╛ рж▓рж┐ржЦрзЗ ржжрж┐рждрзЗ рж╣рж╛ржд ржмтАНрзНржпрж╛ржерж╛ ржХрж░рзЗредржПржоржи ржнрж┐ржбрж┐ржУ ржЖржкрж▓рзЛржб ржХрж░ржмрж┐ ржирж╛ -- ржЬрж╛ржирзЛрзЯрж╛рж░рзЗрж░ ржмрж╛ржЪрзНржЪрж╛,,,,,
ржПржоржи ржорж╣рж┐рж▓рж╛рж░рзЗ ржорж░рж┐ржЪ рж▓рж╛ржЧрж╛ржирзЛ ржЙржЪрж┐рждред,,,,,
ржмрзЗржбрж╛ ржЖржХрзНрждрж╛рж░ ржорж╣рж┐рж▓рж╛,,,,,
ржкрждрж┐рж░рзВржк рж╣ржЬржЧржЬржХ,,,,,
рж╢рзЯрждрж╛ржи ржмрзЗржбрж╛ ржорж╛ржирзБрж╖ ржПржЬржирзНржп ржЗ ржмрж▓рзЗЁЯШДЁЯШДЁЯШБ,,,,,
ржорж╛рж▓ ржЦрж╛ржЗржпрж╝рж╛ ржЯрж╛рж▓ рж╣ржпрж╝рзЗ ржерж╛ржХрзЗ ржмрзЗржЯрж╛ржпрж╝  ржЖрж░ ржмрзЗржЯрж┐,,,,,
ржжрзБржЗржЯрж╛ржЗ ржорж╛рж▓ ржЦрж╛ржЗржпрж╝рж╛ ржЯрж╛рж▓ рж╣ржпрж╝рзЗ ржерж╛ржХрзЗ ржмрзЗржЯрж╛ржпрж╝  ржЖрж░ ржмрзЗржЯрж┐ред рждржЦржи рж╣рж╛рж▓рж╛ржЧрж╛рж▓рж┐ ржЫрж╛ржбрж╝рж╛ ржЖрж░ ржХрж┐ ржХрж░ржм?,,,,,
рждрзБржорж┐ ржорж╛ рж╣рж┐рж╕рж╛ржмрзЗ ржХрж┐ржнрж╛ржмрзЗ ржорж╛ржирж▓рзЗ ржПржЗ ржмрзБрзЬрж┐ рж▓рж╛рзЯрж▓рж╛ржХрзЗредрждрзЛржорж╛рж░ ржЫрзЗрж▓рзЗ рждрзЛ рж▓рж╛рзЯрж▓рж╛ ржХрзЗ ржмрж┐рзЯрзЗ ржХрж░рзЗржирж┐ред рждрж╛рж╣рж▓рзЗ ржХрж┐ржнрж╛ржмрзЗ ржПржХ рж╕рж╛ржерзЗ ржерж╛ржХрзЗредрждрзБржорж┐ ржпрзЗржоржи ржорж╣рж┐рж▓рж╛ рждрзЛржорж╛рж░ ржЫрзЗрж▓рзЗржУ рж╕рзЗржЗ рж░ржХржоред,,,,,
ржорж╛ржЗржирзЗржи рж▓рж╛рзЯрж▓рж╛ржХрзЗ ржЪрж╛ржЪрж┐ рж▓рж╛ржЗрж▓рж╛ ржнрж╛рж▓рзЛ ржоржирзЗрж░ ржорж╛ржирзБрж╖,,,,,
ржжрзБржЗржЯрж╛рж░рзЗ ржПржХрж╕рж╛ржерзЗ ржнрж┐рждрж░рзЗ ржнржЗрж░рж╛ рж░рж╛ржЗржЦрж╛ ржжрзЗ ржЧрзЛржбрж╛ржЙржирзЗ,,,,,
ржжрзБржЗ ржкрж░рзЗ ржирж╛ ржЖржмрж╛рж░ ржорж╛ ржХрзЗ ржирж╛ ржмржЙ ржмрж▓рзЗ,,,,,
ржЪрж╛ржЪрж┐ ржПржЗржЯрж╛ ржЖржкрж╛ржмрж╛рж░ ржЪрзЗрж╛ржЯ ржмрж╛рзЗржи ржирж┐,,,,,
рждрзЛрж░ ржХрж┐ рж╣рзЯ ржмрзБрзЬрзА,,,,,
ржмрж┐ржЫ ржЦрж╛рж░рж╛ржл,,,,,
рж▓рж╛рж▓рж▓рж┐рж░ ржХрж┐ рж▓ржЬрзНржЬрж╛ ржирж╛ржЗ ржирж┐,,,,,
ржЯрж╛ржХрж╛рж░ рж▓рзЛржнрзЗ ржЫрзЗрж▓рзЗрж░рзЗ ржмрж┐ржХрзНрж░рж┐ ржХрж░рзЗ ржжрж┐ржЫрзЗ  ЁЯШВЁЯШВ,,,,,
ржЖржкржирж╛рж░ ржЧрж░рзНржнрзЗ рж╕ржирзНрждрж╛ржи ржирж╛ ржПржЯрж╛ ржоржирзЗ рж╣ржпрж╝ ржЬрж╛рж▓рж╛ржд рж╕ржирзНрждрж╛ржи,,,,,
ржмрж╛рж░ржмрж╛рждрж╛рж░рзЗ ржо*** ржЖрж░ рззрзк ржмржЫрж░рзЗрж░ ржкрзЛрж▓рж╛ рж╕ржорж╕рзНржпрж╛ ржирж╛ржЗ,,,,,
ржкрзЗржЯрзЗрж░ ржирзЗржиржирж┐ рждрзЛ ржЦрж╛рж▓рж╛ ржЖржкржирж╛рж░ ржЫрзЛржЯ ржмрзЛржи рж▓рж╛рзЯрж▓рж╛,,,,,
ржмрж┐рж▓рж╛рждрж┐ ржорж╛ржЗ ржЧрзЛ,,,,,
ржмрзЗржкрж╛рж░ржЯрж╛ рж╣рж▓ ржорж╛рж▓ ржкрж╛ржирж┐рж░ рж╕рж░ржмрж░рж╛рж╣ !!!!!,,,,,
рждрзЛрж░ ржорзБржЦрждрзЛ ржЕржирзЗржХ ржнрж╛рж▓рзЛ рждрзБржЗ ржЖрж░рзЗржХ рж▓рзЛржнрзА ржорж╣рж┐рж▓рж╛,,,,,
ржмрзБрзЬрж┐рж░ ржПржЦржирзЛ рж░рж╕ ржЖржЫрзЗред,,,,,
ржЦрж╛рж▓рж╛ рж╕ржарж┐ржХ ржХржерж╛ ржмрж▓ржЫрзЗржи ржорж╛ржпрж╝рзЗрж░ ржЪрж░рж┐рждрзНрж░ ржнрж╛рж▓рзЛ ржирж╛ рждрж╛рж╣рж▓рзЗ ржПрж░ржХржо рж╕ржирзНрждрж╛ржи ржЬржирзНржо рж╣рждрзЛ ржирж╛,,,,,
ржирж╛ржорзБржи ржПрж░ ржорж╛ ржмрзЬ ржЭрж╛ржУрж░рж╛,,,,,
рждрзБржорж┐ рждрзЛ ржкрж╛ржорзНржк ржжрж┐ржмрж╛ рждрж╛ржирж╛ рж╣рж▓рзЗ рждрзЛржорж╛рж░ ржЫрзЗрж▓рзЗ ржЯрж╛ржХрж╛ рж╣рж╛рждрж╛ржмрзЗ ржХрж┐ ржнрж╛ржмрзЗ,,,,,
"ржЗрждрж╛ржи ржжрзЗржЦрждрж╛ржо ржЕржЗ ржлрзЗрж╕ржмрзБржХ ржЪрж╛рж▓рж╛ржЗ
рж╕ржмржбрж┐ ржкрзБржВржбрж╛",,,,,
ржмрж╛рж╕рзНржЯрж╛рж░рзНржбрзЗрж░ ржмрж╛ржЪрзНржЪрж╛ ржмрж╛рж╕рзНржЯрж╛рж░рзНржбрзЗ ржмрж╛рж╕рзНржЯрж╛рж░рзНржб ржХржЦржирзЛ ржнрж╛рж▓рзЛ ржирж╛ рж╢рж╛рж▓рж╛ ржПржХржЯрж╛ ржкрзБрж░рж╛ ржмрж╛рж╕рзНржЯрж╛рж░рзНржб,,,,,
ржПрж░рж╛ ржЧрж╛ржБржЬрж╛ ржЦрж╛,,,,,
ржХрзМрж╢рж▓ ржмрж╛ржЬ ржорж╣рж┐рж▓рж╛,,,,,
ржжрзБржЗ рж╕рждрзАржи ржирж╛ржХрж┐,,,,,
ржорж╣рж┐рж▓рж╛ рждрзБржорж┐ржУ рж▓рзЛржнрж┐ рж▓рж╛рзЯрж▓рж╛рж░ ржЯрж╛ржХрж╛рзЯ рждрзЛржорж╛рж░ ржЫрзЗрж▓рзЗ ржУрждрзБржорж┐ ржнрж╛рж▓ржЗ  ржЦрж╛ржЪрзНржЫ ржжрж╛ржЫржЫрзЛред,,,,,
ржЧржЪрж╛рж░ ржмрзЗрж░рж╛ржо ржЖржЫрзЗ,,,,,
"ржЖржкржирж┐ ржЕржкрж░рж╛ржзрзА,, ржПржоржи ржХрзБ рж╕ржирзНрждрж╛ржи ржЬржирзНржо ржжрж┐рж▓рзЗржи ржХрзБ рж╕ржирзНрждрж╛ржи ржирж╛ рж╣рж▓рзЗ ржХрж┐ ржЖржкржирж╛рж░ ржмрзЯрж╕рзА ржХрж╛рж░рзЛ рж╕рж╛ржерзЗ ржЕржмрзИржз рж╕ржорзНржкрж░рзНржХ ржХрж░рзЗ рж╕ржВрж╕рж╛рж░ ржХрж░рждрзЛ",,,,,
ржмрж╛ржЬрзЗ ржорж╣рж┐рж▓рж╛,,,,,
ржлрзБржб ржЖржкрзНржкрж┐ ржирж╛ржорзЗрж░ ржХрж▓ржЩрзНржХ ЁЯдоЁЯдоЁЯдо,,,,,